Dashboard_name,Sheet_name,Datasource_name,Database_name,Database_connection,Number of columns,Column_name,Table_name
Reach,Bounce Rate,Sheet1 (Transactions),Transactions.xlsx,excel-direct,8,"Month,Campaign,Visit,Year,Source,Date,Homepage,New","First,First,Reach,First,First,First,Reach,Reach"
Reach,Back_Button,Sheet1 (Transactions),Transactions.xlsx,excel-direct,4,"Month,Campaign,Year,Source","First,First,First,First"
Reach,Page View,Sheet1 (Transactions),Transactions.xlsx,excel-direct,9,"Month,Campaign,Visit,Year,Source,Visit_Type,Date,New,Page","First,First,Reach,First,First,Reach,First,Reach,Reach"
Reach,Visits,Sheet1 (Transactions),Transactions.xlsx,excel-direct,6,"Month,Campaign,Year,Source,Visit_Type,Date","First,First,First,First,Reach,First"
Promotion Effect,Back_Button,Sheet1 (Transactions),Transactions.xlsx,excel-direct,4,"Month,Campaign,Year,Source","First,First,First,First"
Promotion Effect,Leads Campaign,Sheet1 (Transactions),Transactions.xlsx,excel-direct,6,"Month,User Segment,Campaign,Year,Source,Campaign","First,Promotion,First,First,First,Promotion"
Promotion Effect,Leads,Sheet1 (Transactions),Transactions.xlsx,excel-direct,7,"Month,Customer_Id,Campaign,Year,Source,Leads_Yestrdy,Leads_Tdy","First,Promotion,First,First,First,Promotion,Promotion"
Promotion Effect,Leads Segment,Sheet1 (Transactions),Transactions.xlsx,excel-direct,6,"Month,Customer_Id,User Segment,Campaign,Year,Source","First,First,Promotion,First,First,First"
Promotion Effect,Leads Product,Sheet1 (Transactions),Transactions.xlsx,excel-direct,6,"Month,User Segment,Campaign,Year,Source,Prod Type","First,Promotion,First,First,First,Promotion"
Conversion,Back_Button,Sheet1 (Transactions),Transactions.xlsx,excel-direct,4,"Month,Campaign,Year,Source","First,First,First,First"
Conversion,Campaign Conv,Sheet1 (Transactions),Transactions.xlsx,excel-direct,6,"Customer_Id,Month,Campaign,Year,Source,Campaign","Conversion,First,First,First,First,Conversion"
Conversion,Revenue,Sheet1 (Transactions),Transactions.xlsx,excel-direct,7,"Revenue_Type,Month,Campaign,Year,Source,Date,Revenue_Tot","Conversion,First,First,First,First,First,Conversion"
Conversion,Order_Conv,Sheet1 (Transactions),Transactions.xlsx,excel-direct,6,"Month,Campaign,Visit,Year,Order,Source","First,First,Reach,First,Reach,First"
Conversion,Buyer_Conv,Sheet1 (Transactions),Transactions.xlsx,excel-direct,6,"Month,Campaign,Year,Order,Customer_Id,Source","First,First,First,Reach,Reach,First"
Conversion,Product Conv,Sheet1 (Transactions),Transactions.xlsx,excel-direct,6,"Customer_Id,Prod Type,Month,Campaign,Year,Source","Conversion,Conversion,First,First,First,First"
Dashboard 1,Downloads,Sheet1 (Transactions),Transactions.xlsx,excel-direct,6,"Date,Month,Source,Year,Campaign,Asset_Download","First,First,First,First,First,First"
Dashboard 1,Front,Sheet1 (Transactions),Transactions.xlsx,excel-direct,4,"Month,Source,Year,Campaign","First,First,First,First"
Dashboard 1,Unique_Visitor,Sheet1 (Transactions),Transactions.xlsx,excel-direct,6,"Date,Month,Source,Year,Campaign,Asset_Purchase","First,First,First,First,First,First"
Dashboard 1,Active_User,Sheet1 (Transactions),Transactions.xlsx,excel-direct,8,"Date,Month,Source,Year,Brwse,Campaign,Asset_Brwse,Prchse_Index","First,First,First,First,First,First,First,First"
Dashboard 1,Biz_Generated,Sheet1 (Transactions),Transactions.xlsx,excel-direct,7,"Date,Month,Source,Year,Tot_Asset,Campaign,Asset_Purchase","First,First,First,First,First,First,First"
Dashboard 1,No_Transactions,Sheet1 (Transactions),Transactions.xlsx,excel-direct,6,"Date,Month,Source,Year,Campaign,Asset_Purchase","First,First,First,First,First,First"
Reach,Back_Button,Sheet1 (Transactions),Transactions.xlsx,excel-direct,4,"Month,Source,Year,Campaign","First,First,First,First"
Reach,Front,Sheet1 (Transactions),Transactions.xlsx,excel-direct,4,"Month,Source,Year,Campaign","First,First,First,First"
Reach,Bounce Rate,Sheet1 (Transactions),Transactions.xlsx,excel-direct,8,"Date,Month,Source,Year,Homepage,Visit,Campaign,New","First,First,First,First,Reach,Reach,First,Reach"
Reach,Page View,Sheet1 (Transactions),Transactions.xlsx,excel-direct,9,"Date,Month,Source,Year,Page,Visit,Campaign,Visit_Type,New","First,First,First,First,Reach,Reach,First,Reach,Reach"
Reach,Visits,Sheet1 (Transactions),Transactions.xlsx,excel-direct,6,"Date,Month,Source,Year,Campaign,Visit_Type","First,First,First,First,First,Reach"
Promotion Effect,Back_Button,Sheet1 (Transactions),Transactions.xlsx,excel-direct,4,"Month,Source,Year,Campaign","First,First,First,First"
Promotion Effect,Front,Sheet1 (Transactions),Transactions.xlsx,excel-direct,4,"Month,Source,Year,Campaign","First,First,First,First"
Promotion Effect,Leads Campaign,Sheet1 (Transactions),Transactions.xlsx,excel-direct,6,"Month,Source,User Segment,Year,Campaign,Campaign","First,First,Promotion,First,Promotion,First"
Promotion Effect,Leads Segment,Sheet1 (Transactions),Transactions.xlsx,excel-direct,6,"Month,Source,User Segment,Year,Campaign,Customer_Id","First,First,Promotion,First,First,First"
Promotion Effect,Leads Product,Sheet1 (Transactions),Transactions.xlsx,excel-direct,6,"Month,Source,User Segment,Year,Campaign,Prod Type","First,First,Promotion,First,First,Promotion"
Promotion Effect,Leads,Sheet1 (Transactions),Transactions.xlsx,excel-direct,7,"Month,Source,Year,Leads_Tdy,Campaign,Customer_Id,Leads_Yestrdy","First,First,First,Promotion,First,Promotion,Promotion"
Conversion,Back_Button,Sheet1 (Transactions),Transactions.xlsx,excel-direct,4,"Month,Source,Year,Campaign","First,First,First,First"
Conversion,Order_Conv,Sheet1 (Transactions),Transactions.xlsx,excel-direct,6,"Order,Month,Source,Year,Visit,Campaign","Reach,First,First,First,Reach,First"
Conversion,Front,Sheet1 (Transactions),Transactions.xlsx,excel-direct,4,"Month,Source,Year,Campaign","First,First,First,First"
Conversion,Buyer_Conv,Sheet1 (Transactions),Transactions.xlsx,excel-direct,6,"Order,Month,Source,Year,Campaign,Customer_Id","Reach,First,First,First,First,Reach"
Conversion,Campaign Conv,Sheet1 (Transactions),Transactions.xlsx,excel-direct,6,"Month,Source,Year,Customer_Id,Campaign,Campaign","First,First,First,Conversion,First,Conversion"
Conversion,Product Conv,Sheet1 (Transactions),Transactions.xlsx,excel-direct,6,"Month,Source,Year,Customer_Id,Campaign,Prod Type","First,First,First,Conversion,First,Conversion"
Conversion,Revenue,Sheet1 (Transactions),Transactions.xlsx,excel-direct,7,"Date,Revenue_Tot,Month,Source,Year,Campaign,Revenue_Type","First,Conversion,First,First,First,First,Conversion"
Content,Back_Button,Sheet1 (Transactions),Transactions.xlsx,excel-direct,4,"Month,Source,Year,Campaign","First,First,First,First"
Content,Front,Sheet1 (Transactions),Transactions.xlsx,excel-direct,4,"Month,Source,Year,Campaign","First,First,First,First"
Content,Site stickiness,Sheet1 (Transactions),Transactions.xlsx,excel-direct,9,"Month,Source,Year,Visit,AvgMin_Old,AvgMin_New,Campaign,Mon_Yr,New","First,First,First,Reach,Conversion,Conversion,First,Reach,Reach"
Content,Facebook,Sheet1 (Transactions),Transactions.xlsx,excel-direct,5,"Month,Source,Year,Campaign,Facebook Followers","First,First,First,First,Content"
Content,Youtube,Sheet1 (Transactions),Transactions.xlsx,excel-direct,5,"Month,Youtube Followers,Source,Year,Campaign","First,Content,First,First,First"
Content,Linkedin,Sheet1 (Transactions),Transactions.xlsx,excel-direct,5,"Month,Source,Year,Linkedin Followers,Campaign","First,First,First,Content,First"
Content,Twitter,Sheet1 (Transactions),Transactions.xlsx,excel-direct,5,"Month,Source,Year,Twitter Followers,Campaign","First,First,First,Content,First"
Content,Email,Sheet1 (Transactions),Transactions.xlsx,excel-direct,5,"Month,Source,Year,Emails Opened,Campaign","First,First,First,Content,First"
Content,Visit Customer,Sheet1 (Transactions),Transactions.xlsx,excel-direct,7,"Month,Source,Year,Visit,Campaign,Mon_Yr,New","First,First,First,Reach,First,Reach,Reach"
Comparison of People Metrics,Promoters vs Detractors (2019),Sheet1 (Claim Data),Claim Data.xlsx,excel-direct,1,Detractor/Promoter,Sheet1
Comparison of People Metrics,Y-o-Y CSAT Comparison,Sheet1 (NPS Metrics),NPS Metrics.xlsx,excel-direct,3,"CSAT (Org),CSAT (Industry),Year","Sheet1,Sheet1,Sheet1"
Comparison of People Metrics,Cycle Times on Insurance Claim,Sheet1 (Claim Data),Claim Data.xlsx,excel-direct,2,"CYCLE TIME,ID","Sheet1,Sheet1"
Comparison of People Metrics,Rural/Urban Distribution (2019),Sheet1 (Claim Data),Claim Data.xlsx,excel-direct,1,URBANICITY,Sheet1
Comparison of People Metrics,Y-o-Y NPS Comparison,Sheet1 (NPS Metrics),NPS Metrics.xlsx,excel-direct,3,"Year,NPS (Org),NPS (Industry)","Sheet1,Sheet1,Sheet1"
Comparison of Financial Metrics,Ratio Comparison,Revenue Analysis (Finance Data),Finance Data.xlsx,excel-direct,4,"Combined Ratio,Loss Ratio,Expense Ratio,YEAR","'Revenue Analysis$','Revenue Analysis$','Revenue Analysis$','Revenue Analysis$'"
Comparison of Financial Metrics,Total Revenue,Revenue Analysis (Finance Data),Finance Data.xlsx,excel-direct,2,"TOTAL_REVENUES,YEAR","'Revenue Analysis$','Revenue Analysis$'"
Comparison of Financial Metrics,Fee Income,Revenue Analysis (Finance Data),Finance Data.xlsx,excel-direct,2,"FEE_INCOME,YEAR","'Revenue Analysis$','Revenue Analysis$'"
Comparison of Financial Metrics,Claims Loss,Revenue Analysis (Finance Data),Finance Data.xlsx,excel-direct,2,"CLAIMS_LOSS,YEAR","'Revenue Analysis$','Revenue Analysis$'"
Comparison of Financial Metrics,Premium Earned,Revenue Analysis (Finance Data),Finance Data.xlsx,excel-direct,2,"EARNED_PREMIUM,YEAR","'Revenue Analysis$','Revenue Analysis$'"
Comparison of Financial Metrics,Investment Income,Revenue Analysis (Finance Data),Finance Data.xlsx,excel-direct,2,"NET_INVESTMENT_INCOME,YEAR","'Revenue Analysis$','Revenue Analysis$'"
Comparison of Financial Metrics,Capital Gains,Revenue Analysis (Finance Data),Finance Data.xlsx,excel-direct,2,"NET_REALIZED_CAPITAL_GAIN,YEAR","'Revenue Analysis$','Revenue Analysis$'"
Comparison of Financial Metrics,Operating Cost,Revenue Analysis (Finance Data),Finance Data.xlsx,excel-direct,2,"OPERATING_COST,YEAR","'Revenue Analysis$','Revenue Analysis$'"
Executive Dashboard,Sheet 72,Clipboard_20200427T171331,Clipboard_20200427T171331.xls,excel-direct,3,"Practice,Values,Order Date","Sheet1,Sheet1,Sheet1"
Executive Dashboard,Top 5 Key Opportunity Group,Sheet1 (5_11_20_Key Opportunity Groups (HC)),5_11_20_Key Opportunity Groups (HC).xlsx,excel-direct,6,"KPI Key Opportunity Group,Feb 20 FTE,Industry,Account Name,KPI for Key Risk Group,COVID Forcast","Sheet1,Sheet1,Sheet1,Sheet1,Sheet1,Sheet1"
Executive Dashboard,Sheet 71,Sheet1 (Probable Sales Excel),Probable Sales Excel.xlsx,excel-direct,2,"Practice,Probable Sales","Sheet1,Sheet1"
Executive Dashboard,Sheet 51,"Sheet1 (Before and After COVID 19 New),Sheet1 (5_11_20_Executive Dashboard_FTE Count vs Projected Risk (HC))","Before and After COVID 19 New.xlsx,5_11_20_Executive Dashboard_FTE Count vs Projected Risk (HC).xlsx","excel-direct,excel-direct",7,"Account Type,Region,Before COVID 19,Date,Industry,Account Type,After COVID 19","Sheet1,Sheet1,Sheet1,Sheet1,Sheet1,Sheet1,Sheet1"
Executive Dashboard,overall roll off count (4),Sheet1 (Account Risk with Jan FTE),Account Risk with Jan FTE.xlsx,excel-direct,4,"Risk Class (copy),Region,Jan FTE,Industry","Sheet1,Sheet1,Sheet1,Sheet1"
Executive Dashboard,Sheet 28,Sheet1 (19_05_2020 Industry Filter),19_05_2020 Industry Filter.xlsx,excel-direct,4,"Account Name,News Mentions, Impact,Industry,Region","Sheet1,Sheet1,Sheet1,Sheet1"
Executive Dashboard,Sheet 34 (2),Sheet1 (5_11_20_Executive Dashboard_FTE Count vs Projected Risk (HC)),5_11_20_Executive Dashboard_FTE Count vs Projected Risk (HC).xlsx,excel-direct,5,"Industry,Region,Account Type,Baseline FTE,Risk Class (copy)","Sheet1,Sheet1,Sheet1,Sheet1,Sheet1"
Executive Dashboard,over all roll off count,,,,0,,
Executive Dashboard,Bottom 5 Key Opportunity Group,Sheet1 (5_11_20_Key Opportunity Groups (HC)),5_11_20_Key Opportunity Groups (HC).xlsx,excel-direct,6,"KPI Key Opportunity Group,Feb 20 FTE,Industry,Account Name,KPI for Key Risk Group,COVID Forcast","Sheet1,Sheet1,Sheet1,Sheet1,Sheet1,Sheet1"
Executive Dashboard,Sheet 73,Opprtunity Breakup,Clipboard_20200514T114922.xls,excel-direct,7,"Sector,stage,CTT Sign Date,Account Type,Converted Booking,Opportunity Type,Account Name","Sheet1,Sheet1,Sheet1,Sheet1,Sheet1,Sheet1,Sheet1"
Account Risk,Sheet 34 (3),Sheet1 (5_11_20_Executive Dashboard_FTE Count vs Projected Risk (HC)),5_11_20_Executive Dashboard_FTE Count vs Projected Risk (HC).xlsx,excel-direct,12,"FTE Change,Industry,Conditional Formating Risk Class,Risk Class,Blank Abc column,Region,Predicted FTE,Account Type,Baseline FTE,0,Country,Account","Sheet1,Sheet1,Sheet1,Sheet1,Sheet1,Sheet1,Sheet1,Sheet1,Sheet1,Sheet1,Sheet1,Sheet1"
Account Risk,Sheet 48,Sheet1 (5_11_20_Account Risk_Company Name),5_11_20_Account Risk_Company Name.xlsx,excel-direct,9,"Conditional Formating Risk Class,Industry,Risk Class,News Mentions, Impact,Country,Account,Region,Account Type,Blank Abc column","Sheet1,Sheet1,Sheet1,Sheet1,Sheet1,Sheet1,Sheet1,Sheet1,Sheet1"
Account Risk,Sheet 48 (3),Sheet1 (5_11_20_Account Risk_Company Name),5_11_20_Account Risk_Company Name.xlsx,excel-direct,9,"Conditional Formating Risk Class,Industry,Risk Class,Country,Account,Region,Blank cell,Account Type,Blank Abc column","Sheet1,Sheet1,Sheet1,Sheet1,Sheet1,Sheet1,Sheet1,Sheet1,Sheet1"
Account Risk,Sheet 34 (5),Sheet1 (5_11_20_Executive Dashboard_FTE Count vs Projected Risk (HC)),5_11_20_Executive Dashboard_FTE Count vs Projected Risk (HC).xlsx,excel-direct,13,"Pre-Covid Forecast Growth,Industry,Conditional Formating Risk Class,Risk Class,Asset turnover,Country Risk,Blank Abc column,Region,Account Type,Country,Account,S&P Rating,Leverage","Sheet1,Sheet1,Sheet1,Sheet1,Sheet1,Sheet1,Sheet1,Sheet1,Sheet1,Sheet1,Sheet1,Sheet1,Sheet1"
Account Risk,Sheet 28 (2),Sheet1 (19_05_2020 Industry Filter),19_05_2020 Industry Filter.xlsx,excel-direct,1,Industry,Sheet1
GDP Impact,Sheet 7,World GDP Impact (risk_Tab),,,0,,
GDP Impact,Sheet 7 (2),,,,0,,
GDP Impact,GDP bars,World GDP Impact (risk_Tab),,,0,,
Human Impact,Sheet 60 (4),Sheet2 (Latest Worldometer Data),Latest Worldometer Data.xlsx,excel-direct,1,"Country, Other",Sheet2
Human Impact,Sheet 60,Sheet2 (Latest Worldometer Data),Latest Worldometer Data.xlsx,excel-direct,5,"Total Deaths,Total Cases,Country, Other,Active Cases,Total Recovered","Sheet2,Sheet2,Sheet2,Sheet2,Sheet2"
Human Impact,Sheet 43,Sheet2 (Latest Worldometer Data),Latest Worldometer Data.xlsx,excel-direct,2,"Total Deaths,Country, Other","Sheet2,Sheet2"
Human Impact,Sheet 60 (2),Sheet2 (Latest Worldometer Data),Latest Worldometer Data.xlsx,excel-direct,2,"Total Cases,Country, Other","Sheet2,Sheet2"
Human Impact,Sheet 41,Sheet2 (Latest Worldometer Data),Latest Worldometer Data.xlsx,excel-direct,2,"Total Cases,Country, Other","Sheet2,Sheet2"
Booking Sales and Pipeline,Sheet 68,Clipboard_20200422T142453,Clipboard_20200422T142453.xls,excel-direct,4,"Q2-2020,Q4-2020,Q3-2020,Account Name","Sheet1,Sheet1,Sheet1,Sheet1"
Booking Sales and Pipeline,Sheet 67,Clipboard_20200422T142147,Clipboard_20200422T142147.xls,excel-direct,6,"Q1-2020,ID BU,Total,Q2-2020,Q3-2020,Q4-2020","Sheet1,Sheet1,Sheet1,Sheet1,Sheet1,Sheet1"
Booking Sales and Pipeline,Sheet 65,Clipboard_20200422T141534,Clipboard_20200422T141534.xls,excel-direct,4,"Ultimate Parent Account,Q2-2020,Total,Opportunity Name","Sheet1,Sheet1,Sheet1,Sheet1"
Booking Sales and Pipeline,Sheet 66,Clipboard_20200422T141802,Clipboard_20200422T141802.xls,excel-direct,6,"Q4-2020,Q3-2020,Q2-2020,Total,Offer,Q1-2020","Sheet1,Sheet1,Sheet1,Sheet1,Sheet1,Sheet1"
Booking Sales and Pipeline,Sheet 63,Booking in Pipeline,Clipboard_20200422T140528.xls,excel-direct,6,"Total,Q3-2020,Q1-2020,Q4-2020,Stage,Q2-2020","Sheet1,Sheet1,Sheet1,Sheet1,Sheet1,Sheet1"
Booking Sales and Pipeline,Sheet 70,Clipboard_20200422T143021,Clipboard_20200422T143021.xls,excel-direct,6,"Q2-2020,Q1-2020,Q4-2020,Bid Type,Q3-2020,Total","Sheet1,Sheet1,Sheet1,Sheet1,Sheet1,Sheet1"
Geo Industry Risk,Sheet 34 (6),Sheet1 (5_11_20_Executive Dashboard_FTE Count vs Projected Risk (HC)),5_11_20_Executive Dashboard_FTE Count vs Projected Risk (HC).xlsx,excel-direct,8,"Pre-Covid Forecast Growth,Industry,Country Risk,Industry risk,Region,Pred Impact,Account Type,Baseline FTE","Sheet1,Sheet1,Sheet1,Sheet1,Sheet1,Sheet1,Sheet1,Sheet1"
Geo Industry Risk,Sheet 28 (3),Sheet1 (19_05_2020 Industry Filter),19_05_2020 Industry Filter.xlsx,excel-direct,4,"Account Name,News Mentions, Impact,Industry,Region","Sheet1,Sheet1,Sheet1,Sheet1"
Geo Industry Risk,Sheet 57,Industry Risk (risk_Tab),risk_Tab v2.xlsx,excel-direct,2,"F1,Risk level","'Industry Risk$','Industry Risk$'"
Geo Industry Risk,Sheet 62,Sheet1 (19_05_2020 Industry Filter),19_05_2020 Industry Filter.xlsx,excel-direct,3,"Industry,ABC Blank,Expected Impact on Capgemini","Sheet1,Sheet1,Sheet1"
Geo Industry Risk,Sheet 56,Industry Risk (risk_Tab),risk_Tab v2.xlsx,excel-direct,2,"F1,Risk level","'Industry Risk$','Industry Risk$'"
Geo Industry Risk,MAP,Sheet1 (19_05_2020 Industry Filter),19_05_2020 Industry Filter.xlsx,excel-direct,2,"Industry,Country (copy)","Sheet1,Sheet1"
Geo Industry Risk,Sheet 58,Industry Risk (risk_Tab),risk_Tab v2.xlsx,excel-direct,2,"F1,Risk level","'Industry Risk$','Industry Risk$'"
Car Track At Port,Sheet 9,map_data_inland_1 (Dummy),Dummy.xlsx,excel-direct,23,"Car ID,Pdi Ok,Warehouse Out,Customs,PDI_Entry,Port Arrival,Pre Warehouse Exit,Car Weight,Dealer_Arrival,Ideal Lead Time,Retail_Date,Production Date,Batch ID,Destination Port,Distance_in_km,Dealer_Receipt,City,Dealer_Name,Warehouse In,Seat Capacity,Type Class Car,Pre Warehouse Entry,Engine ID","map_data_inland_1,map_data_inland_1,map_data_inland_1,map_data_inland_1,map_data_inland_1,map_data_inland_1,map_data_inland_1,map_data_inland_1,map_data_inland_1,map_data_inland_1,map_data_inland_1,map_data_inland_1,map_data_inland_1,map_data_inland_1,map_data_inland_1,map_data_inland_1,map_data_inland_1,map_data_inland_1,map_data_inland_1,map_data_inland_1,map_data_inland_1,map_data_inland_1,map_data_inland_1"
Car Track At Port,Sheet 4,map_data_inland_1 (Dummy),Dummy.xlsx,excel-direct,18,"Car ID,Pdi Ok,Warehouse Out,Customs,PDI_Entry,Port Arrival,Pre Warehouse Exit,Car Weight,Production Date,Batch ID,Path No,Destination Port,Dealer_Name,Warehouse In,Seat Capacity,Type Class Car,Pre Warehouse Entry,Engine ID","map_data_inland_1,map_data_inland_1,map_data_inland_1,map_data_inland_1,map_data_inland_1,map_data_inland_1,map_data_inland_1,map_data_inland_1,map_data_inland_1,map_data_inland_1,map_data_inland_1,map_data_inland_1,map_data_inland_1,map_data_inland_1,map_data_inland_1,map_data_inland_1,map_data_inland_1,map_data_inland_1"
Car Track At Port,Sheet 2,map_data_inland_1 (Dummy),Dummy.xlsx,excel-direct,18,"Car ID,Pdi Ok,Warehouse Out,Customs,PDI_Entry,Port Arrival,Pre Warehouse Exit,Car Weight,Production Date,Batch ID,Path No,Destination Port,Dealer_Name,Warehouse In,Seat Capacity,Type Class Car,Pre Warehouse Entry,Engine ID","map_data_inland_1,map_data_inland_1,map_data_inland_1,map_data_inland_1,map_data_inland_1,map_data_inland_1,map_data_inland_1,map_data_inland_1,map_data_inland_1,map_data_inland_1,map_data_inland_1,map_data_inland_1,map_data_inland_1,map_data_inland_1,map_data_inland_1,map_data_inland_1,map_data_inland_1,map_data_inland_1"
Car Track At Port,Sheet 48,Sheet1 (Glossary_Dummy) (2),,,0,,
Car Track At Port,Sheet 10,map_data_inland_1 (Dummy),Dummy.xlsx,excel-direct,23,"Car ID,Pdi Ok,Warehouse Out,Customs,PDI_Entry,Port Arrival,Pre Warehouse Exit,Car Weight,Dealer_Arrival,Ideal Lead Time,Retail_Date,Production Date,Batch ID,Destination Port,Distance_in_km,Dealer_Receipt,City,Dealer_Name,Warehouse In,Seat Capacity,Type Class Car,Pre Warehouse Entry,Engine ID","map_data_inland_1,map_data_inland_1,map_data_inland_1,map_data_inland_1,map_data_inland_1,map_data_inland_1,map_data_inland_1,map_data_inland_1,map_data_inland_1,map_data_inland_1,map_data_inland_1,map_data_inland_1,map_data_inland_1,map_data_inland_1,map_data_inland_1,map_data_inland_1,map_data_inland_1,map_data_inland_1,map_data_inland_1,map_data_inland_1,map_data_inland_1,map_data_inland_1,map_data_inland_1"
Car Track At Port,Sheet 1,map_data_inland_1 (Dummy),Dummy.xlsx,excel-direct,20,"Car ID,Pdi Ok,Warehouse Out,Customs,PDI_Entry,Port Arrival,Pre Warehouse Exit,Car Weight,Ideal Lead Time,Production Date,Batch ID,Path No,Destination Port,Dealer_Name,Warehouse In,Seat Capacity,Type Class Car,Pre Warehouse Entry,Engine ID,Avg Temp.","map_data_inland_1,map_data_inland_1,map_data_inland_1,map_data_inland_1,map_data_inland_1,map_data_inland_1,map_data_inland_1,map_data_inland_1,map_data_inland_1,map_data_inland_1,map_data_inland_1,map_data_inland_1,map_data_inland_1,map_data_inland_1,map_data_inland_1,map_data_inland_1,map_data_inland_1,map_data_inland_1,map_data_inland_1,map_data_inland_1"
Car Track At Port,Sheet 3,map_data_inland_1 (Dummy),Dummy.xlsx,excel-direct,18,"Car ID,Pdi Ok,Warehouse Out,Customs,PDI_Entry,Port Arrival,Pre Warehouse Exit,Car Weight,Production Date,Batch ID,Path No,Destination Port,Dealer_Name,Warehouse In,Seat Capacity,Type Class Car,Pre Warehouse Entry,Engine ID","map_data_inland_1,map_data_inland_1,map_data_inland_1,map_data_inland_1,map_data_inland_1,map_data_inland_1,map_data_inland_1,map_data_inland_1,map_data_inland_1,map_data_inland_1,map_data_inland_1,map_data_inland_1,map_data_inland_1,map_data_inland_1,map_data_inland_1,map_data_inland_1,map_data_inland_1,map_data_inland_1"
Car Track At Port,Sheet 42,map_data_inland_1 (Dummy),Dummy.xlsx,excel-direct,17,"Car ID,Pdi Ok,Warehouse Out,Customs,PDI_Entry,Port Arrival,Pre Warehouse Exit,Car Weight,Production Date,Batch ID,Destination Port,Dealer_Name,Warehouse In,Seat Capacity,Type Class Car,Pre Warehouse Entry,Engine ID","map_data_inland_1,map_data_inland_1,map_data_inland_1,map_data_inland_1,map_data_inland_1,map_data_inland_1,map_data_inland_1,map_data_inland_1,map_data_inland_1,map_data_inland_1,map_data_inland_1,map_data_inland_1,map_data_inland_1,map_data_inland_1,map_data_inland_1,map_data_inland_1,map_data_inland_1"
Car Track At Port,Sheet 27,map_data_inland_1 (Dummy),Dummy.xlsx,excel-direct,23,"Car ID,Pdi Ok,Warehouse Out,Customs,PDI_Entry,Port Arrival,Pre Warehouse Exit,Car Weight,Dealer_Arrival,Ideal Lead Time,Retail_Date,Production Date,Batch ID,Destination Port,Distance_in_km,Dealer_Receipt,City,Dealer_Name,Warehouse In,Seat Capacity,Type Class Car,Pre Warehouse Entry,Engine ID","map_data_inland_1,map_data_inland_1,map_data_inland_1,map_data_inland_1,map_data_inland_1,map_data_inland_1,map_data_inland_1,map_data_inland_1,map_data_inland_1,map_data_inland_1,map_data_inland_1,map_data_inland_1,map_data_inland_1,map_data_inland_1,map_data_inland_1,map_data_inland_1,map_data_inland_1,map_data_inland_1,map_data_inland_1,map_data_inland_1,map_data_inland_1,map_data_inland_1,map_data_inland_1"
Car Track At Port,Sheet 17,map_data_inland_1 (Dummy),Dummy.xlsx,excel-direct,23,"Car ID,Pdi Ok,Warehouse Out,Customs,PDI_Entry,Port Arrival,Pre Warehouse Exit,Car Weight,Dealer_Arrival,Ideal Lead Time,Retail_Date,Production Date,Batch ID,Destination Port,Distance_in_km,Dealer_Receipt,City,Dealer_Name,Warehouse In,Seat Capacity,Type Class Car,Pre Warehouse Entry,Engine ID","map_data_inland_1,map_data_inland_1,map_data_inland_1,map_data_inland_1,map_data_inland_1,map_data_inland_1,map_data_inland_1,map_data_inland_1,map_data_inland_1,map_data_inland_1,map_data_inland_1,map_data_inland_1,map_data_inland_1,map_data_inland_1,map_data_inland_1,map_data_inland_1,map_data_inland_1,map_data_inland_1,map_data_inland_1,map_data_inland_1,map_data_inland_1,map_data_inland_1,map_data_inland_1"
Car Track At Port,Sheet 21,map_data_inland_1 (Dummy),Dummy.xlsx,excel-direct,23,"Car ID,Pdi Ok,Warehouse Out,Customs,PDI_Entry,Port Arrival,Pre Warehouse Exit,Car Weight,Dealer_Arrival,Ideal Lead Time,Retail_Date,Production Date,Batch ID,Destination Port,Distance_in_km,Dealer_Receipt,City,Dealer_Name,Warehouse In,Seat Capacity,Type Class Car,Pre Warehouse Entry,Engine ID","map_data_inland_1,map_data_inland_1,map_data_inland_1,map_data_inland_1,map_data_inland_1,map_data_inland_1,map_data_inland_1,map_data_inland_1,map_data_inland_1,map_data_inland_1,map_data_inland_1,map_data_inland_1,map_data_inland_1,map_data_inland_1,map_data_inland_1,map_data_inland_1,map_data_inland_1,map_data_inland_1,map_data_inland_1,map_data_inland_1,map_data_inland_1,map_data_inland_1,map_data_inland_1"
Car Track At Port,Sheet 28,map_data_inland_1 (Dummy),Dummy.xlsx,excel-direct,23,"Car ID,Pdi Ok,Warehouse Out,Customs,PDI_Entry,Port Arrival,Pre Warehouse Exit,Car Weight,Dealer_Arrival,Ideal Lead Time,Retail_Date,Production Date,Batch ID,Destination Port,Distance_in_km,Dealer_Receipt,City,Dealer_Name,Warehouse In,Seat Capacity,Type Class Car,Pre Warehouse Entry,Engine ID","map_data_inland_1,map_data_inland_1,map_data_inland_1,map_data_inland_1,map_data_inland_1,map_data_inland_1,map_data_inland_1,map_data_inland_1,map_data_inland_1,map_data_inland_1,map_data_inland_1,map_data_inland_1,map_data_inland_1,map_data_inland_1,map_data_inland_1,map_data_inland_1,map_data_inland_1,map_data_inland_1,map_data_inland_1,map_data_inland_1,map_data_inland_1,map_data_inland_1,map_data_inland_1"
Car Track At Port,Sheet 49,Sheet1 (Glossary_Dummy) (2),,,0,,
Car Track At Inland,Sheet 9,map_data_inland_1 (Dummy),Dummy.xlsx,excel-direct,23,"Car ID,Pdi Ok,Warehouse Out,Customs,PDI_Entry,Port Arrival,Pre Warehouse Exit,Car Weight,Dealer_Arrival,Ideal Lead Time,Retail_Date,Production Date,Batch ID,Destination Port,Distance_in_km,Dealer_Receipt,City,Dealer_Name,Warehouse In,Seat Capacity,Type Class Car,Pre Warehouse Entry,Engine ID","map_data_inland_1,map_data_inland_1,map_data_inland_1,map_data_inland_1,map_data_inland_1,map_data_inland_1,map_data_inland_1,map_data_inland_1,map_data_inland_1,map_data_inland_1,map_data_inland_1,map_data_inland_1,map_data_inland_1,map_data_inland_1,map_data_inland_1,map_data_inland_1,map_data_inland_1,map_data_inland_1,map_data_inland_1,map_data_inland_1,map_data_inland_1,map_data_inland_1,map_data_inland_1"
Car Track At Inland,Sheet 43,map_data_inland_1 (Dummy),Dummy.xlsx,excel-direct,22,"Car ID,Pdi Ok,Warehouse Out,Customs,PDI_Entry,Pre Warehouse Exit,Car Weight,Dealer_Arrival,Ideal Lead Time,Retail_Date,Production Date,Batch ID,Destination Port,Distance_in_km,Dealer_Receipt,City,Dealer_Name,Warehouse In,Seat Capacity,Type Class Car,Pre Warehouse Entry,Engine ID","map_data_inland_1,map_data_inland_1,map_data_inland_1,map_data_inland_1,map_data_inland_1,map_data_inland_1,map_data_inland_1,map_data_inland_1,map_data_inland_1,map_data_inland_1,map_data_inland_1,map_data_inland_1,map_data_inland_1,map_data_inland_1,map_data_inland_1,map_data_inland_1,map_data_inland_1,map_data_inland_1,map_data_inland_1,map_data_inland_1,map_data_inland_1,map_data_inland_1"
Car Track At Inland,Sheet 48,Sheet1 (Glossary_Dummy) (2),,,0,,
Car Track At Inland,Sheet 44,map_data_inland_1 (Dummy),Dummy.xlsx,excel-direct,14,"Car ID,Warehouse Out,Dealer_Arrival,Ideal Lead Time,Retail_Date,Path Id,Production Date,Batch ID,Path No,Destination Port,Distance_in_km,Dealer_Receipt,City,Dealer_Name","map_data_inland_1,map_data_inland_1,map_data_inland_1,map_data_inland_1,map_data_inland_1,map_data_inland_1,map_data_inland_1,map_data_inland_1,map_data_inland_1,map_data_inland_1,map_data_inland_1,map_data_inland_1,map_data_inland_1,map_data_inland_1"
Car Track At Inland,Sheet 10,map_data_inland_1 (Dummy),Dummy.xlsx,excel-direct,23,"Car ID,Pdi Ok,Warehouse Out,Customs,PDI_Entry,Port Arrival,Pre Warehouse Exit,Car Weight,Dealer_Arrival,Ideal Lead Time,Retail_Date,Production Date,Batch ID,Destination Port,Distance_in_km,Dealer_Receipt,City,Dealer_Name,Warehouse In,Seat Capacity,Type Class Car,Pre Warehouse Entry,Engine ID","map_data_inland_1,map_data_inland_1,map_data_inland_1,map_data_inland_1,map_data_inland_1,map_data_inland_1,map_data_inland_1,map_data_inland_1,map_data_inland_1,map_data_inland_1,map_data_inland_1,map_data_inland_1,map_data_inland_1,map_data_inland_1,map_data_inland_1,map_data_inland_1,map_data_inland_1,map_data_inland_1,map_data_inland_1,map_data_inland_1,map_data_inland_1,map_data_inland_1,map_data_inland_1"
Car Track At Inland,Sheet 1 (3),map_data_inland_1 (Dummy),Dummy.xlsx,excel-direct,15,"Car ID,Warehouse Out,Port Arrival,Dealer_Arrival,Ideal Lead Time,Retail_Date,Production Date,Batch ID,Path No,Destination Port,Distance_in_km,Average_Cost,Dealer_Receipt,City,Dealer_Name","map_data_inland_1,map_data_inland_1,map_data_inland_1,map_data_inland_1,map_data_inland_1,map_data_inland_1,map_data_inland_1,map_data_inland_1,map_data_inland_1,map_data_inland_1,map_data_inland_1,map_data_inland_1,map_data_inland_1,map_data_inland_1,map_data_inland_1"
Car Track At Inland,Sheet 27,map_data_inland_1 (Dummy),Dummy.xlsx,excel-direct,23,"Car ID,Pdi Ok,Warehouse Out,Customs,PDI_Entry,Port Arrival,Pre Warehouse Exit,Car Weight,Dealer_Arrival,Ideal Lead Time,Retail_Date,Production Date,Batch ID,Destination Port,Distance_in_km,Dealer_Receipt,City,Dealer_Name,Warehouse In,Seat Capacity,Type Class Car,Pre Warehouse Entry,Engine ID","map_data_inland_1,map_data_inland_1,map_data_inland_1,map_data_inland_1,map_data_inland_1,map_data_inland_1,map_data_inland_1,map_data_inland_1,map_data_inland_1,map_data_inland_1,map_data_inland_1,map_data_inland_1,map_data_inland_1,map_data_inland_1,map_data_inland_1,map_data_inland_1,map_data_inland_1,map_data_inland_1,map_data_inland_1,map_data_inland_1,map_data_inland_1,map_data_inland_1,map_data_inland_1"
Car Track At Inland,Sheet 17,map_data_inland_1 (Dummy),Dummy.xlsx,excel-direct,23,"Car ID,Pdi Ok,Warehouse Out,Customs,PDI_Entry,Port Arrival,Pre Warehouse Exit,Car Weight,Dealer_Arrival,Ideal Lead Time,Retail_Date,Production Date,Batch ID,Destination Port,Distance_in_km,Dealer_Receipt,City,Dealer_Name,Warehouse In,Seat Capacity,Type Class Car,Pre Warehouse Entry,Engine ID","map_data_inland_1,map_data_inland_1,map_data_inland_1,map_data_inland_1,map_data_inland_1,map_data_inland_1,map_data_inland_1,map_data_inland_1,map_data_inland_1,map_data_inland_1,map_data_inland_1,map_data_inland_1,map_data_inland_1,map_data_inland_1,map_data_inland_1,map_data_inland_1,map_data_inland_1,map_data_inland_1,map_data_inland_1,map_data_inland_1,map_data_inland_1,map_data_inland_1,map_data_inland_1"
Car Track At Inland,Sheet 21,map_data_inland_1 (Dummy),Dummy.xlsx,excel-direct,23,"Car ID,Pdi Ok,Warehouse Out,Customs,PDI_Entry,Port Arrival,Pre Warehouse Exit,Car Weight,Dealer_Arrival,Ideal Lead Time,Retail_Date,Production Date,Batch ID,Destination Port,Distance_in_km,Dealer_Receipt,City,Dealer_Name,Warehouse In,Seat Capacity,Type Class Car,Pre Warehouse Entry,Engine ID","map_data_inland_1,map_data_inland_1,map_data_inland_1,map_data_inland_1,map_data_inland_1,map_data_inland_1,map_data_inland_1,map_data_inland_1,map_data_inland_1,map_data_inland_1,map_data_inland_1,map_data_inland_1,map_data_inland_1,map_data_inland_1,map_data_inland_1,map_data_inland_1,map_data_inland_1,map_data_inland_1,map_data_inland_1,map_data_inland_1,map_data_inland_1,map_data_inland_1,map_data_inland_1"
Car Track At Inland,Sheet 3 (2),map_data_inland_1 (Dummy),Dummy.xlsx,excel-direct,20,"Car ID,Pdi Ok,Warehouse Out,Customs,PDI_Entry,Port Arrival,Pre Warehouse Exit,Dealer_Arrival,Ideal Lead Time,Retail_Date,Production Date,Batch ID,Path No,Destination Port,Distance_in_km,Dealer_Receipt,City,Dealer_Name,Warehouse In,Pre Warehouse Entry","map_data_inland_1,map_data_inland_1,map_data_inland_1,map_data_inland_1,map_data_inland_1,map_data_inland_1,map_data_inland_1,map_data_inland_1,map_data_inland_1,map_data_inland_1,map_data_inland_1,map_data_inland_1,map_data_inland_1,map_data_inland_1,map_data_inland_1,map_data_inland_1,map_data_inland_1,map_data_inland_1,map_data_inland_1,map_data_inland_1"
Car Track At Inland,Sheet 2 (3),map_data_inland_1 (Dummy),Dummy.xlsx,excel-direct,17,"Car ID,Pdi Ok,Warehouse Out,Customs,PDI_Entry,Port Arrival,Dealer_Arrival,Ideal Lead Time,Retail_Date,Production Date,Batch ID,Path No,Destination Port,Distance_in_km,Dealer_Receipt,City,Dealer_Name","map_data_inland_1,map_data_inland_1,map_data_inland_1,map_data_inland_1,map_data_inland_1,map_data_inland_1,map_data_inland_1,map_data_inland_1,map_data_inland_1,map_data_inland_1,map_data_inland_1,map_data_inland_1,map_data_inland_1,map_data_inland_1,map_data_inland_1,map_data_inland_1,map_data_inland_1"
Car Track At Inland,Sheet 28,map_data_inland_1 (Dummy),Dummy.xlsx,excel-direct,23,"Car ID,Pdi Ok,Warehouse Out,Customs,PDI_Entry,Port Arrival,Pre Warehouse Exit,Car Weight,Dealer_Arrival,Ideal Lead Time,Retail_Date,Production Date,Batch ID,Destination Port,Distance_in_km,Dealer_Receipt,City,Dealer_Name,Warehouse In,Seat Capacity,Type Class Car,Pre Warehouse Entry,Engine ID","map_data_inland_1,map_data_inland_1,map_data_inland_1,map_data_inland_1,map_data_inland_1,map_data_inland_1,map_data_inland_1,map_data_inland_1,map_data_inland_1,map_data_inland_1,map_data_inland_1,map_data_inland_1,map_data_inland_1,map_data_inland_1,map_data_inland_1,map_data_inland_1,map_data_inland_1,map_data_inland_1,map_data_inland_1,map_data_inland_1,map_data_inland_1,map_data_inland_1,map_data_inland_1"
Car Track At Inland,Sheet 49,Sheet1 (Glossary_Dummy) (2),,,0,,
Mumbai Port_Demographic,Sheet 17 (2),map_data_inland_1 (Dummy),Dummy.xlsx,excel-direct,7,"Car Weight,Destination Port,City,Dealer_Name,Seat Capacity,Type Class Car,Engine ID","map_data_inland_1,map_data_inland_1,map_data_inland_1,map_data_inland_1,map_data_inland_1,map_data_inland_1,map_data_inland_1"
Mumbai Port_Demographic,Sheet 9,map_data_inland_1 (Dummy),Dummy.xlsx,excel-direct,23,"Car ID,Pdi Ok,Warehouse Out,Customs,PDI_Entry,Port Arrival,Pre Warehouse Exit,Car Weight,Dealer_Arrival,Ideal Lead Time,Retail_Date,Production Date,Batch ID,Destination Port,Distance_in_km,Dealer_Receipt,City,Dealer_Name,Warehouse In,Seat Capacity,Type Class Car,Pre Warehouse Entry,Engine ID","map_data_inland_1,map_data_inland_1,map_data_inland_1,map_data_inland_1,map_data_inland_1,map_data_inland_1,map_data_inland_1,map_data_inland_1,map_data_inland_1,map_data_inland_1,map_data_inland_1,map_data_inland_1,map_data_inland_1,map_data_inland_1,map_data_inland_1,map_data_inland_1,map_data_inland_1,map_data_inland_1,map_data_inland_1,map_data_inland_1,map_data_inland_1,map_data_inland_1,map_data_inland_1"
Mumbai Port_Demographic,Sheet 38,Dummy_Mumbai (Dummy_MumbaiFinal) (2),Dummy_MumbaiFinal.xlsx,excel-direct,2,"Cargo Name,Car ID","Dummy_Mumbai,Dummy_Mumbai"
Mumbai Port_Demographic,Sheet 48,Sheet1 (Glossary_Dummy) (2),,,0,,
Mumbai Port_Demographic,Sheet 36,Dummy_Mumbai (Dummy_MumbaiFinal) (2),Dummy_MumbaiFinal.xlsx,excel-direct,20,"M-6,M-5,Cars Arriving,Avg. Temp.,M-10,M-1,Cars Waiting,M-2,M-11,Cargo Name,M-7,M-8,Month,M-4,M-3,CC prediction,M-9,FTA_1,day,Interior","Dummy_Mumbai,Dummy_Mumbai,Dummy_Mumbai,Dummy_Mumbai,Dummy_Mumbai,Dummy_Mumbai,Dummy_Mumbai,Dummy_Mumbai,Dummy_Mumbai,Dummy_Mumbai,Dummy_Mumbai,Dummy_Mumbai,Dummy_Mumbai,Dummy_Mumbai,Dummy_Mumbai,Dummy_Mumbai,Dummy_Mumbai,Dummy_Mumbai,Dummy_Mumbai,Dummy_Mumbai"
Mumbai Port_Demographic,Sheet 10,map_data_inland_1 (Dummy),Dummy.xlsx,excel-direct,23,"Car ID,Pdi Ok,Warehouse Out,Customs,PDI_Entry,Port Arrival,Pre Warehouse Exit,Car Weight,Dealer_Arrival,Ideal Lead Time,Retail_Date,Production Date,Batch ID,Destination Port,Distance_in_km,Dealer_Receipt,City,Dealer_Name,Warehouse In,Seat Capacity,Type Class Car,Pre Warehouse Entry,Engine ID","map_data_inland_1,map_data_inland_1,map_data_inland_1,map_data_inland_1,map_data_inland_1,map_data_inland_1,map_data_inland_1,map_data_inland_1,map_data_inland_1,map_data_inland_1,map_data_inland_1,map_data_inland_1,map_data_inland_1,map_data_inland_1,map_data_inland_1,map_data_inland_1,map_data_inland_1,map_data_inland_1,map_data_inland_1,map_data_inland_1,map_data_inland_1,map_data_inland_1,map_data_inland_1"
Mumbai Port_Demographic,Sheet 27,map_data_inland_1 (Dummy),Dummy.xlsx,excel-direct,23,"Car ID,Pdi Ok,Warehouse Out,Customs,PDI_Entry,Port Arrival,Pre Warehouse Exit,Car Weight,Dealer_Arrival,Ideal Lead Time,Retail_Date,Production Date,Batch ID,Destination Port,Distance_in_km,Dealer_Receipt,City,Dealer_Name,Warehouse In,Seat Capacity,Type Class Car,Pre Warehouse Entry,Engine ID","map_data_inland_1,map_data_inland_1,map_data_inland_1,map_data_inland_1,map_data_inland_1,map_data_inland_1,map_data_inland_1,map_data_inland_1,map_data_inland_1,map_data_inland_1,map_data_inland_1,map_data_inland_1,map_data_inland_1,map_data_inland_1,map_data_inland_1,map_data_inland_1,map_data_inland_1,map_data_inland_1,map_data_inland_1,map_data_inland_1,map_data_inland_1,map_data_inland_1,map_data_inland_1"
Mumbai Port_Demographic,Sheet 21,map_data_inland_1 (Dummy),Dummy.xlsx,excel-direct,23,"Car ID,Pdi Ok,Warehouse Out,Customs,PDI_Entry,Port Arrival,Pre Warehouse Exit,Car Weight,Dealer_Arrival,Ideal Lead Time,Retail_Date,Production Date,Batch ID,Destination Port,Distance_in_km,Dealer_Receipt,City,Dealer_Name,Warehouse In,Seat Capacity,Type Class Car,Pre Warehouse Entry,Engine ID","map_data_inland_1,map_data_inland_1,map_data_inland_1,map_data_inland_1,map_data_inland_1,map_data_inland_1,map_data_inland_1,map_data_inland_1,map_data_inland_1,map_data_inland_1,map_data_inland_1,map_data_inland_1,map_data_inland_1,map_data_inland_1,map_data_inland_1,map_data_inland_1,map_data_inland_1,map_data_inland_1,map_data_inland_1,map_data_inland_1,map_data_inland_1,map_data_inland_1,map_data_inland_1"
Mumbai Port_Demographic,Sheet 37,Dummy_Mumbai (Dummy_MumbaiFinal) (2),Dummy_MumbaiFinal.xlsx,excel-direct,2,"Cargo Name,Car ID","Dummy_Mumbai,Dummy_Mumbai"
Mumbai Port_Demographic,Sheet 28,map_data_inland_1 (Dummy),Dummy.xlsx,excel-direct,23,"Car ID,Pdi Ok,Warehouse Out,Customs,PDI_Entry,Port Arrival,Pre Warehouse Exit,Car Weight,Dealer_Arrival,Ideal Lead Time,Retail_Date,Production Date,Batch ID,Destination Port,Distance_in_km,Dealer_Receipt,City,Dealer_Name,Warehouse In,Seat Capacity,Type Class Car,Pre Warehouse Entry,Engine ID","map_data_inland_1,map_data_inland_1,map_data_inland_1,map_data_inland_1,map_data_inland_1,map_data_inland_1,map_data_inland_1,map_data_inland_1,map_data_inland_1,map_data_inland_1,map_data_inland_1,map_data_inland_1,map_data_inland_1,map_data_inland_1,map_data_inland_1,map_data_inland_1,map_data_inland_1,map_data_inland_1,map_data_inland_1,map_data_inland_1,map_data_inland_1,map_data_inland_1,map_data_inland_1"
Mumbai Port_Demographic,Sheet 49,Sheet1 (Glossary_Dummy) (2),,,0,,
Chennai Port_Demographic,Sheet 17 (2),map_data_inland_1 (Dummy),Dummy.xlsx,excel-direct,7,"Car Weight,Destination Port,City,Dealer_Name,Seat Capacity,Type Class Car,Engine ID","map_data_inland_1,map_data_inland_1,map_data_inland_1,map_data_inland_1,map_data_inland_1,map_data_inland_1,map_data_inland_1"
Chennai Port_Demographic,Sheet 9,map_data_inland_1 (Dummy),Dummy.xlsx,excel-direct,23,"Car ID,Pdi Ok,Warehouse Out,Customs,PDI_Entry,Port Arrival,Pre Warehouse Exit,Car Weight,Dealer_Arrival,Ideal Lead Time,Retail_Date,Production Date,Batch ID,Destination Port,Distance_in_km,Dealer_Receipt,City,Dealer_Name,Warehouse In,Seat Capacity,Type Class Car,Pre Warehouse Entry,Engine ID","map_data_inland_1,map_data_inland_1,map_data_inland_1,map_data_inland_1,map_data_inland_1,map_data_inland_1,map_data_inland_1,map_data_inland_1,map_data_inland_1,map_data_inland_1,map_data_inland_1,map_data_inland_1,map_data_inland_1,map_data_inland_1,map_data_inland_1,map_data_inland_1,map_data_inland_1,map_data_inland_1,map_data_inland_1,map_data_inland_1,map_data_inland_1,map_data_inland_1,map_data_inland_1"
Chennai Port_Demographic,Sheet 38,Dummy_Mumbai (Dummy_MumbaiFinal) (2),Dummy_MumbaiFinal.xlsx,excel-direct,2,"Cargo Name,Car ID","Dummy_Mumbai,Dummy_Mumbai"
Chennai Port_Demographic,Sheet 48,Sheet1 (Glossary_Dummy) (2),,,0,,
Chennai Port_Demographic,Sheet 10,map_data_inland_1 (Dummy),Dummy.xlsx,excel-direct,23,"Car ID,Pdi Ok,Warehouse Out,Customs,PDI_Entry,Port Arrival,Pre Warehouse Exit,Car Weight,Dealer_Arrival,Ideal Lead Time,Retail_Date,Production Date,Batch ID,Destination Port,Distance_in_km,Dealer_Receipt,City,Dealer_Name,Warehouse In,Seat Capacity,Type Class Car,Pre Warehouse Entry,Engine ID","map_data_inland_1,map_data_inland_1,map_data_inland_1,map_data_inland_1,map_data_inland_1,map_data_inland_1,map_data_inland_1,map_data_inland_1,map_data_inland_1,map_data_inland_1,map_data_inland_1,map_data_inland_1,map_data_inland_1,map_data_inland_1,map_data_inland_1,map_data_inland_1,map_data_inland_1,map_data_inland_1,map_data_inland_1,map_data_inland_1,map_data_inland_1,map_data_inland_1,map_data_inland_1"
Chennai Port_Demographic,Sheet 27,map_data_inland_1 (Dummy),Dummy.xlsx,excel-direct,23,"Car ID,Pdi Ok,Warehouse Out,Customs,PDI_Entry,Port Arrival,Pre Warehouse Exit,Car Weight,Dealer_Arrival,Ideal Lead Time,Retail_Date,Production Date,Batch ID,Destination Port,Distance_in_km,Dealer_Receipt,City,Dealer_Name,Warehouse In,Seat Capacity,Type Class Car,Pre Warehouse Entry,Engine ID","map_data_inland_1,map_data_inland_1,map_data_inland_1,map_data_inland_1,map_data_inland_1,map_data_inland_1,map_data_inland_1,map_data_inland_1,map_data_inland_1,map_data_inland_1,map_data_inland_1,map_data_inland_1,map_data_inland_1,map_data_inland_1,map_data_inland_1,map_data_inland_1,map_data_inland_1,map_data_inland_1,map_data_inland_1,map_data_inland_1,map_data_inland_1,map_data_inland_1,map_data_inland_1"
Chennai Port_Demographic,Sheet 21,map_data_inland_1 (Dummy),Dummy.xlsx,excel-direct,23,"Car ID,Pdi Ok,Warehouse Out,Customs,PDI_Entry,Port Arrival,Pre Warehouse Exit,Car Weight,Dealer_Arrival,Ideal Lead Time,Retail_Date,Production Date,Batch ID,Destination Port,Distance_in_km,Dealer_Receipt,City,Dealer_Name,Warehouse In,Seat Capacity,Type Class Car,Pre Warehouse Entry,Engine ID","map_data_inland_1,map_data_inland_1,map_data_inland_1,map_data_inland_1,map_data_inland_1,map_data_inland_1,map_data_inland_1,map_data_inland_1,map_data_inland_1,map_data_inland_1,map_data_inland_1,map_data_inland_1,map_data_inland_1,map_data_inland_1,map_data_inland_1,map_data_inland_1,map_data_inland_1,map_data_inland_1,map_data_inland_1,map_data_inland_1,map_data_inland_1,map_data_inland_1,map_data_inland_1"
Chennai Port_Demographic,Sheet 37,Dummy_Mumbai (Dummy_MumbaiFinal) (2),Dummy_MumbaiFinal.xlsx,excel-direct,2,"Cargo Name,Car ID","Dummy_Mumbai,Dummy_Mumbai"
Chennai Port_Demographic,Sheet 39,Dummy_ChennaiFinal (Dummy_ChennaiFinal),Dummy_ChennaiFinal.xlsx,excel-direct,18,"M-1,Cargo Name,M-9,Cars Arriving,FTA_1,M-8,Avg. Temp.,Cars Waiting,M-4,Month,M-2,CC prediction,day,M-6,Interior,M-5,M-7,M-3","Dummy_ChennaiFinal,Dummy_ChennaiFinal,Dummy_ChennaiFinal,Dummy_ChennaiFinal,Dummy_ChennaiFinal,Dummy_ChennaiFinal,Dummy_ChennaiFinal,Dummy_ChennaiFinal,Dummy_ChennaiFinal,Dummy_ChennaiFinal,Dummy_ChennaiFinal,Dummy_ChennaiFinal,Dummy_ChennaiFinal,Dummy_ChennaiFinal,Dummy_ChennaiFinal,Dummy_ChennaiFinal,Dummy_ChennaiFinal,Dummy_ChennaiFinal"
Chennai Port_Demographic,Sheet 28,map_data_inland_1 (Dummy),Dummy.xlsx,excel-direct,23,"Car ID,Pdi Ok,Warehouse Out,Customs,PDI_Entry,Port Arrival,Pre Warehouse Exit,Car Weight,Dealer_Arrival,Ideal Lead Time,Retail_Date,Production Date,Batch ID,Destination Port,Distance_in_km,Dealer_Receipt,City,Dealer_Name,Warehouse In,Seat Capacity,Type Class Car,Pre Warehouse Entry,Engine ID","map_data_inland_1,map_data_inland_1,map_data_inland_1,map_data_inland_1,map_data_inland_1,map_data_inland_1,map_data_inland_1,map_data_inland_1,map_data_inland_1,map_data_inland_1,map_data_inland_1,map_data_inland_1,map_data_inland_1,map_data_inland_1,map_data_inland_1,map_data_inland_1,map_data_inland_1,map_data_inland_1,map_data_inland_1,map_data_inland_1,map_data_inland_1,map_data_inland_1,map_data_inland_1"
Chennai Port_Demographic,Sheet 49,Sheet1 (Glossary_Dummy) (2),,,0,,
Mumbai Port_Car,Sheet 17 (2),map_data_inland_1 (Dummy),Dummy.xlsx,excel-direct,7,"Car Weight,Destination Port,City,Dealer_Name,Seat Capacity,Type Class Car,Engine ID","map_data_inland_1,map_data_inland_1,map_data_inland_1,map_data_inland_1,map_data_inland_1,map_data_inland_1,map_data_inland_1"
Mumbai Port_Car,Sheet 10 (2),map_data_inland_1 (Dummy),Dummy.xlsx,excel-direct,15,"Car ID,Pdi Ok,Warehouse Out,Customs,PDI_Entry,Pre Warehouse Exit,Car Weight,Destination Port,City,Dealer_Name,Warehouse In,Seat Capacity,Type Class Car,Pre Warehouse Entry,Engine ID","map_data_inland_1,map_data_inland_1,map_data_inland_1,map_data_inland_1,map_data_inland_1,map_data_inland_1,map_data_inland_1,map_data_inland_1,map_data_inland_1,map_data_inland_1,map_data_inland_1,map_data_inland_1,map_data_inland_1,map_data_inland_1,map_data_inland_1"
Mumbai Port_Car,Sheet 38,Dummy_Mumbai (Dummy_MumbaiFinal) (2),Dummy_MumbaiFinal.xlsx,excel-direct,2,"Cargo Name,Car ID","Dummy_Mumbai,Dummy_Mumbai"
Mumbai Port_Car,Sheet 12 (2),map_data_inland_1 (Dummy),Dummy.xlsx,excel-direct,12,"Car ID,Pdi Ok,Warehouse Out,Customs,PDI_Entry,Pre Warehouse Exit,Car Weight,Warehouse In,Seat Capacity,Type Class Car,Pre Warehouse Entry,Engine ID","map_data_inland_1,map_data_inland_1,map_data_inland_1,map_data_inland_1,map_data_inland_1,map_data_inland_1,map_data_inland_1,map_data_inland_1,map_data_inland_1,map_data_inland_1,map_data_inland_1,map_data_inland_1"
Mumbai Port_Car,Sheet 48,Sheet1 (Glossary_Dummy) (2),,,0,,
Mumbai Port_Car,Sheet 40,Dummy_Mumbai (Dummy_MumbaiFinal) (2),Dummy_MumbaiFinal.xlsx,excel-direct,11,"Dealer_Name,Type Class Car,Batch ID,Cargo Name,Car ID,City,Seat Capacity,CC prediction,Engine ID,Engine ID Name,Interior","Dummy_Mumbai,Dummy_Mumbai,Dummy_Mumbai,Dummy_Mumbai,Dummy_Mumbai,Dummy_Mumbai,Dummy_Mumbai,Dummy_Mumbai,Dummy_Mumbai,Dummy_Mumbai,Dummy_Mumbai"
Mumbai Port_Car,Sheet 27,map_data_inland_1 (Dummy),Dummy.xlsx,excel-direct,23,"Car ID,Pdi Ok,Warehouse Out,Customs,PDI_Entry,Port Arrival,Pre Warehouse Exit,Car Weight,Dealer_Arrival,Ideal Lead Time,Retail_Date,Production Date,Batch ID,Destination Port,Distance_in_km,Dealer_Receipt,City,Dealer_Name,Warehouse In,Seat Capacity,Type Class Car,Pre Warehouse Entry,Engine ID","map_data_inland_1,map_data_inland_1,map_data_inland_1,map_data_inland_1,map_data_inland_1,map_data_inland_1,map_data_inland_1,map_data_inland_1,map_data_inland_1,map_data_inland_1,map_data_inland_1,map_data_inland_1,map_data_inland_1,map_data_inland_1,map_data_inland_1,map_data_inland_1,map_data_inland_1,map_data_inland_1,map_data_inland_1,map_data_inland_1,map_data_inland_1,map_data_inland_1,map_data_inland_1"
Mumbai Port_Car,Sheet 21,map_data_inland_1 (Dummy),Dummy.xlsx,excel-direct,23,"Car ID,Pdi Ok,Warehouse Out,Customs,PDI_Entry,Port Arrival,Pre Warehouse Exit,Car Weight,Dealer_Arrival,Ideal Lead Time,Retail_Date,Production Date,Batch ID,Destination Port,Distance_in_km,Dealer_Receipt,City,Dealer_Name,Warehouse In,Seat Capacity,Type Class Car,Pre Warehouse Entry,Engine ID","map_data_inland_1,map_data_inland_1,map_data_inland_1,map_data_inland_1,map_data_inland_1,map_data_inland_1,map_data_inland_1,map_data_inland_1,map_data_inland_1,map_data_inland_1,map_data_inland_1,map_data_inland_1,map_data_inland_1,map_data_inland_1,map_data_inland_1,map_data_inland_1,map_data_inland_1,map_data_inland_1,map_data_inland_1,map_data_inland_1,map_data_inland_1,map_data_inland_1,map_data_inland_1"
Mumbai Port_Car,Sheet 37,Dummy_Mumbai (Dummy_MumbaiFinal) (2),Dummy_MumbaiFinal.xlsx,excel-direct,2,"Cargo Name,Car ID","Dummy_Mumbai,Dummy_Mumbai"
Mumbai Port_Car,Sheet 9 (2),map_data_inland_1 (Dummy),Dummy.xlsx,excel-direct,15,"Car ID,Pdi Ok,Warehouse Out,Customs,PDI_Entry,Pre Warehouse Exit,Car Weight,Destination Port,City,Dealer_Name,Warehouse In,Seat Capacity,Type Class Car,Pre Warehouse Entry,Engine ID","map_data_inland_1,map_data_inland_1,map_data_inland_1,map_data_inland_1,map_data_inland_1,map_data_inland_1,map_data_inland_1,map_data_inland_1,map_data_inland_1,map_data_inland_1,map_data_inland_1,map_data_inland_1,map_data_inland_1,map_data_inland_1,map_data_inland_1"
Mumbai Port_Car,Sheet 28,map_data_inland_1 (Dummy),Dummy.xlsx,excel-direct,23,"Car ID,Pdi Ok,Warehouse Out,Customs,PDI_Entry,Port Arrival,Pre Warehouse Exit,Car Weight,Dealer_Arrival,Ideal Lead Time,Retail_Date,Production Date,Batch ID,Destination Port,Distance_in_km,Dealer_Receipt,City,Dealer_Name,Warehouse In,Seat Capacity,Type Class Car,Pre Warehouse Entry,Engine ID","map_data_inland_1,map_data_inland_1,map_data_inland_1,map_data_inland_1,map_data_inland_1,map_data_inland_1,map_data_inland_1,map_data_inland_1,map_data_inland_1,map_data_inland_1,map_data_inland_1,map_data_inland_1,map_data_inland_1,map_data_inland_1,map_data_inland_1,map_data_inland_1,map_data_inland_1,map_data_inland_1,map_data_inland_1,map_data_inland_1,map_data_inland_1,map_data_inland_1,map_data_inland_1"
Mumbai Port_Car,Sheet 49,Sheet1 (Glossary_Dummy) (2),,,0,,
Chennai Port_Car,Sheet 17 (2),map_data_inland_1 (Dummy),Dummy.xlsx,excel-direct,7,"Car Weight,Destination Port,City,Dealer_Name,Seat Capacity,Type Class Car,Engine ID","map_data_inland_1,map_data_inland_1,map_data_inland_1,map_data_inland_1,map_data_inland_1,map_data_inland_1,map_data_inland_1"
Chennai Port_Car,Sheet 10 (2),map_data_inland_1 (Dummy),Dummy.xlsx,excel-direct,15,"Car ID,Pdi Ok,Warehouse Out,Customs,PDI_Entry,Pre Warehouse Exit,Car Weight,Destination Port,City,Dealer_Name,Warehouse In,Seat Capacity,Type Class Car,Pre Warehouse Entry,Engine ID","map_data_inland_1,map_data_inland_1,map_data_inland_1,map_data_inland_1,map_data_inland_1,map_data_inland_1,map_data_inland_1,map_data_inland_1,map_data_inland_1,map_data_inland_1,map_data_inland_1,map_data_inland_1,map_data_inland_1,map_data_inland_1,map_data_inland_1"
Chennai Port_Car,Sheet 41,Dummy_ChennaiFinal (Dummy_ChennaiFinal),Dummy_ChennaiFinal.xlsx,excel-direct,11,"Cargo Name,Type Class Car,City,Engine ID Name,Batch ID,Car ID,Engine ID,CC prediction,Interior,Dealer_Name,Seat Capacity","Dummy_ChennaiFinal,Dummy_ChennaiFinal,Dummy_ChennaiFinal,Dummy_ChennaiFinal,Dummy_ChennaiFinal,Dummy_ChennaiFinal,Dummy_ChennaiFinal,Dummy_ChennaiFinal,Dummy_ChennaiFinal,Dummy_ChennaiFinal,Dummy_ChennaiFinal"
Chennai Port_Car,Sheet 38,Dummy_Mumbai (Dummy_MumbaiFinal) (2),Dummy_MumbaiFinal.xlsx,excel-direct,2,"Cargo Name,Car ID","Dummy_Mumbai,Dummy_Mumbai"
Chennai Port_Car,Sheet 12 (2),map_data_inland_1 (Dummy),Dummy.xlsx,excel-direct,12,"Car ID,Pdi Ok,Warehouse Out,Customs,PDI_Entry,Pre Warehouse Exit,Car Weight,Warehouse In,Seat Capacity,Type Class Car,Pre Warehouse Entry,Engine ID","map_data_inland_1,map_data_inland_1,map_data_inland_1,map_data_inland_1,map_data_inland_1,map_data_inland_1,map_data_inland_1,map_data_inland_1,map_data_inland_1,map_data_inland_1,map_data_inland_1,map_data_inland_1"
Chennai Port_Car,Sheet 48,Sheet1 (Glossary_Dummy) (2),,,0,,
Chennai Port_Car,Sheet 27,map_data_inland_1 (Dummy),Dummy.xlsx,excel-direct,23,"Car ID,Pdi Ok,Warehouse Out,Customs,PDI_Entry,Port Arrival,Pre Warehouse Exit,Car Weight,Dealer_Arrival,Ideal Lead Time,Retail_Date,Production Date,Batch ID,Destination Port,Distance_in_km,Dealer_Receipt,City,Dealer_Name,Warehouse In,Seat Capacity,Type Class Car,Pre Warehouse Entry,Engine ID","map_data_inland_1,map_data_inland_1,map_data_inland_1,map_data_inland_1,map_data_inland_1,map_data_inland_1,map_data_inland_1,map_data_inland_1,map_data_inland_1,map_data_inland_1,map_data_inland_1,map_data_inland_1,map_data_inland_1,map_data_inland_1,map_data_inland_1,map_data_inland_1,map_data_inland_1,map_data_inland_1,map_data_inland_1,map_data_inland_1,map_data_inland_1,map_data_inland_1,map_data_inland_1"
Chennai Port_Car,Sheet 21,map_data_inland_1 (Dummy),Dummy.xlsx,excel-direct,23,"Car ID,Pdi Ok,Warehouse Out,Customs,PDI_Entry,Port Arrival,Pre Warehouse Exit,Car Weight,Dealer_Arrival,Ideal Lead Time,Retail_Date,Production Date,Batch ID,Destination Port,Distance_in_km,Dealer_Receipt,City,Dealer_Name,Warehouse In,Seat Capacity,Type Class Car,Pre Warehouse Entry,Engine ID","map_data_inland_1,map_data_inland_1,map_data_inland_1,map_data_inland_1,map_data_inland_1,map_data_inland_1,map_data_inland_1,map_data_inland_1,map_data_inland_1,map_data_inland_1,map_data_inland_1,map_data_inland_1,map_data_inland_1,map_data_inland_1,map_data_inland_1,map_data_inland_1,map_data_inland_1,map_data_inland_1,map_data_inland_1,map_data_inland_1,map_data_inland_1,map_data_inland_1,map_data_inland_1"
Chennai Port_Car,Sheet 37,Dummy_Mumbai (Dummy_MumbaiFinal) (2),Dummy_MumbaiFinal.xlsx,excel-direct,2,"Cargo Name,Car ID","Dummy_Mumbai,Dummy_Mumbai"
Chennai Port_Car,Sheet 9 (2),map_data_inland_1 (Dummy),Dummy.xlsx,excel-direct,15,"Car ID,Pdi Ok,Warehouse Out,Customs,PDI_Entry,Pre Warehouse Exit,Car Weight,Destination Port,City,Dealer_Name,Warehouse In,Seat Capacity,Type Class Car,Pre Warehouse Entry,Engine ID","map_data_inland_1,map_data_inland_1,map_data_inland_1,map_data_inland_1,map_data_inland_1,map_data_inland_1,map_data_inland_1,map_data_inland_1,map_data_inland_1,map_data_inland_1,map_data_inland_1,map_data_inland_1,map_data_inland_1,map_data_inland_1,map_data_inland_1"
Chennai Port_Car,Sheet 28,map_data_inland_1 (Dummy),Dummy.xlsx,excel-direct,23,"Car ID,Pdi Ok,Warehouse Out,Customs,PDI_Entry,Port Arrival,Pre Warehouse Exit,Car Weight,Dealer_Arrival,Ideal Lead Time,Retail_Date,Production Date,Batch ID,Destination Port,Distance_in_km,Dealer_Receipt,City,Dealer_Name,Warehouse In,Seat Capacity,Type Class Car,Pre Warehouse Entry,Engine ID","map_data_inland_1,map_data_inland_1,map_data_inland_1,map_data_inland_1,map_data_inland_1,map_data_inland_1,map_data_inland_1,map_data_inland_1,map_data_inland_1,map_data_inland_1,map_data_inland_1,map_data_inland_1,map_data_inland_1,map_data_inland_1,map_data_inland_1,map_data_inland_1,map_data_inland_1,map_data_inland_1,map_data_inland_1,map_data_inland_1,map_data_inland_1,map_data_inland_1,map_data_inland_1"
Chennai Port_Car,Sheet 49,Sheet1 (Glossary_Dummy) (2),,,0,,
Dealer Analysis,Sheet 18,map_data_inland_1 (Dummy),Dummy.xlsx,excel-direct,10,"Car ID,Ideal Lead Time,Production Date,Batch ID,Path No,Destination Port,Distance_in_km,Average_Cost,City,Dealer_Name","map_data_inland_1,map_data_inland_1,map_data_inland_1,map_data_inland_1,map_data_inland_1,map_data_inland_1,map_data_inland_1,map_data_inland_1,map_data_inland_1,map_data_inland_1"
Dealer Analysis,Sheet 9,map_data_inland_1 (Dummy),Dummy.xlsx,excel-direct,23,"Car ID,Pdi Ok,Warehouse Out,Customs,PDI_Entry,Port Arrival,Pre Warehouse Exit,Car Weight,Dealer_Arrival,Ideal Lead Time,Retail_Date,Production Date,Batch ID,Destination Port,Distance_in_km,Dealer_Receipt,City,Dealer_Name,Warehouse In,Seat Capacity,Type Class Car,Pre Warehouse Entry,Engine ID","map_data_inland_1,map_data_inland_1,map_data_inland_1,map_data_inland_1,map_data_inland_1,map_data_inland_1,map_data_inland_1,map_data_inland_1,map_data_inland_1,map_data_inland_1,map_data_inland_1,map_data_inland_1,map_data_inland_1,map_data_inland_1,map_data_inland_1,map_data_inland_1,map_data_inland_1,map_data_inland_1,map_data_inland_1,map_data_inland_1,map_data_inland_1,map_data_inland_1,map_data_inland_1"
Dealer Analysis,Sheet 13,map_data_inland_1 (Dummy),Dummy.xlsx,excel-direct,10,"Car ID,Ideal Lead Time,Production Date,Batch ID,Path No,Destination Port,Distance_in_km,Average_Cost,City,Dealer_Name","map_data_inland_1,map_data_inland_1,map_data_inland_1,map_data_inland_1,map_data_inland_1,map_data_inland_1,map_data_inland_1,map_data_inland_1,map_data_inland_1,map_data_inland_1"
Dealer Analysis,Sheet 7,map_data_inland_1 (Dummy),Dummy.xlsx,excel-direct,7,"Car ID,Production Date,Batch ID,Path No,Destination Port,City,Dealer_Name","map_data_inland_1,map_data_inland_1,map_data_inland_1,map_data_inland_1,map_data_inland_1,map_data_inland_1,map_data_inland_1"
Dealer Analysis,Sheet 48,Sheet1 (Glossary_Dummy) (2),,,0,,
Dealer Analysis,Sheet 10,map_data_inland_1 (Dummy),Dummy.xlsx,excel-direct,23,"Car ID,Pdi Ok,Warehouse Out,Customs,PDI_Entry,Port Arrival,Pre Warehouse Exit,Car Weight,Dealer_Arrival,Ideal Lead Time,Retail_Date,Production Date,Batch ID,Destination Port,Distance_in_km,Dealer_Receipt,City,Dealer_Name,Warehouse In,Seat Capacity,Type Class Car,Pre Warehouse Entry,Engine ID","map_data_inland_1,map_data_inland_1,map_data_inland_1,map_data_inland_1,map_data_inland_1,map_data_inland_1,map_data_inland_1,map_data_inland_1,map_data_inland_1,map_data_inland_1,map_data_inland_1,map_data_inland_1,map_data_inland_1,map_data_inland_1,map_data_inland_1,map_data_inland_1,map_data_inland_1,map_data_inland_1,map_data_inland_1,map_data_inland_1,map_data_inland_1,map_data_inland_1,map_data_inland_1"
Dealer Analysis,Sheet 8,map_data_inland_1 (Dummy),Dummy.xlsx,excel-direct,7,"Car ID,Production Date,Batch ID,Path No,Destination Port,City,Dealer_Name","map_data_inland_1,map_data_inland_1,map_data_inland_1,map_data_inland_1,map_data_inland_1,map_data_inland_1,map_data_inland_1"
Dealer Analysis,Sheet 6,map_data_inland_1 (Dummy),Dummy.xlsx,excel-direct,9,"Car ID,Port Arrival,Dealer_Arrival,Production Date,Batch ID,Path No,Destination Port,City,Dealer_Name","map_data_inland_1,map_data_inland_1,map_data_inland_1,map_data_inland_1,map_data_inland_1,map_data_inland_1,map_data_inland_1,map_data_inland_1,map_data_inland_1"
Dealer Analysis,Sheet 15,map_data_inland_1 (Dummy),Dummy.xlsx,excel-direct,8,"Car ID,Ideal Lead Time,Production Date,Batch ID,Path No,Destination Port,City,Dealer_Name","map_data_inland_1,map_data_inland_1,map_data_inland_1,map_data_inland_1,map_data_inland_1,map_data_inland_1,map_data_inland_1,map_data_inland_1"
Dealer Analysis,Sheet 19,map_data_inland_1 (Dummy),Dummy.xlsx,excel-direct,8,"Car ID,Port Arrival,Dealer_Arrival,Production Date,Batch ID,Destination Port,City,Dealer_Name","map_data_inland_1,map_data_inland_1,map_data_inland_1,map_data_inland_1,map_data_inland_1,map_data_inland_1,map_data_inland_1,map_data_inland_1"
Dealer Analysis,Sheet 27,map_data_inland_1 (Dummy),Dummy.xlsx,excel-direct,23,"Car ID,Pdi Ok,Warehouse Out,Customs,PDI_Entry,Port Arrival,Pre Warehouse Exit,Car Weight,Dealer_Arrival,Ideal Lead Time,Retail_Date,Production Date,Batch ID,Destination Port,Distance_in_km,Dealer_Receipt,City,Dealer_Name,Warehouse In,Seat Capacity,Type Class Car,Pre Warehouse Entry,Engine ID","map_data_inland_1,map_data_inland_1,map_data_inland_1,map_data_inland_1,map_data_inland_1,map_data_inland_1,map_data_inland_1,map_data_inland_1,map_data_inland_1,map_data_inland_1,map_data_inland_1,map_data_inland_1,map_data_inland_1,map_data_inland_1,map_data_inland_1,map_data_inland_1,map_data_inland_1,map_data_inland_1,map_data_inland_1,map_data_inland_1,map_data_inland_1,map_data_inland_1,map_data_inland_1"
Dealer Analysis,Sheet 17,map_data_inland_1 (Dummy),Dummy.xlsx,excel-direct,23,"Car ID,Pdi Ok,Warehouse Out,Customs,PDI_Entry,Port Arrival,Pre Warehouse Exit,Car Weight,Dealer_Arrival,Ideal Lead Time,Retail_Date,Production Date,Batch ID,Destination Port,Distance_in_km,Dealer_Receipt,City,Dealer_Name,Warehouse In,Seat Capacity,Type Class Car,Pre Warehouse Entry,Engine ID","map_data_inland_1,map_data_inland_1,map_data_inland_1,map_data_inland_1,map_data_inland_1,map_data_inland_1,map_data_inland_1,map_data_inland_1,map_data_inland_1,map_data_inland_1,map_data_inland_1,map_data_inland_1,map_data_inland_1,map_data_inland_1,map_data_inland_1,map_data_inland_1,map_data_inland_1,map_data_inland_1,map_data_inland_1,map_data_inland_1,map_data_inland_1,map_data_inland_1,map_data_inland_1"
Dealer Analysis,Sheet 21,map_data_inland_1 (Dummy),Dummy.xlsx,excel-direct,23,"Car ID,Pdi Ok,Warehouse Out,Customs,PDI_Entry,Port Arrival,Pre Warehouse Exit,Car Weight,Dealer_Arrival,Ideal Lead Time,Retail_Date,Production Date,Batch ID,Destination Port,Distance_in_km,Dealer_Receipt,City,Dealer_Name,Warehouse In,Seat Capacity,Type Class Car,Pre Warehouse Entry,Engine ID","map_data_inland_1,map_data_inland_1,map_data_inland_1,map_data_inland_1,map_data_inland_1,map_data_inland_1,map_data_inland_1,map_data_inland_1,map_data_inland_1,map_data_inland_1,map_data_inland_1,map_data_inland_1,map_data_inland_1,map_data_inland_1,map_data_inland_1,map_data_inland_1,map_data_inland_1,map_data_inland_1,map_data_inland_1,map_data_inland_1,map_data_inland_1,map_data_inland_1,map_data_inland_1"
Dealer Analysis,Sheet 5,map_data_inland_1 (Dummy),Dummy.xlsx,excel-direct,10,"Car ID,Ideal Lead Time,Production Date,Batch ID,Path No,Destination Port,Distance_in_km,Average_Cost,City,Dealer_Name","map_data_inland_1,map_data_inland_1,map_data_inland_1,map_data_inland_1,map_data_inland_1,map_data_inland_1,map_data_inland_1,map_data_inland_1,map_data_inland_1,map_data_inland_1"
Dealer Analysis,Sheet 28,map_data_inland_1 (Dummy),Dummy.xlsx,excel-direct,23,"Car ID,Pdi Ok,Warehouse Out,Customs,PDI_Entry,Port Arrival,Pre Warehouse Exit,Car Weight,Dealer_Arrival,Ideal Lead Time,Retail_Date,Production Date,Batch ID,Destination Port,Distance_in_km,Dealer_Receipt,City,Dealer_Name,Warehouse In,Seat Capacity,Type Class Car,Pre Warehouse Entry,Engine ID","map_data_inland_1,map_data_inland_1,map_data_inland_1,map_data_inland_1,map_data_inland_1,map_data_inland_1,map_data_inland_1,map_data_inland_1,map_data_inland_1,map_data_inland_1,map_data_inland_1,map_data_inland_1,map_data_inland_1,map_data_inland_1,map_data_inland_1,map_data_inland_1,map_data_inland_1,map_data_inland_1,map_data_inland_1,map_data_inland_1,map_data_inland_1,map_data_inland_1,map_data_inland_1"
Dealer Analysis,Sheet 16,map_data_inland_1 (Dummy),Dummy.xlsx,excel-direct,8,"Car ID,Production Date,Batch ID,Path No,Destination Port,Average_Cost,City,Dealer_Name","map_data_inland_1,map_data_inland_1,map_data_inland_1,map_data_inland_1,map_data_inland_1,map_data_inland_1,map_data_inland_1,map_data_inland_1"
Dealer Analysis,Sheet 49,Sheet1 (Glossary_Dummy) (2),,,0,,
City Level Analysis,Sheet 9,map_data_inland_1 (Dummy),Dummy.xlsx,excel-direct,23,"Car ID,Pdi Ok,Warehouse Out,Customs,PDI_Entry,Port Arrival,Pre Warehouse Exit,Car Weight,Dealer_Arrival,Ideal Lead Time,Retail_Date,Production Date,Batch ID,Destination Port,Distance_in_km,Dealer_Receipt,City,Dealer_Name,Warehouse In,Seat Capacity,Type Class Car,Pre Warehouse Entry,Engine ID","map_data_inland_1,map_data_inland_1,map_data_inland_1,map_data_inland_1,map_data_inland_1,map_data_inland_1,map_data_inland_1,map_data_inland_1,map_data_inland_1,map_data_inland_1,map_data_inland_1,map_data_inland_1,map_data_inland_1,map_data_inland_1,map_data_inland_1,map_data_inland_1,map_data_inland_1,map_data_inland_1,map_data_inland_1,map_data_inland_1,map_data_inland_1,map_data_inland_1,map_data_inland_1"
City Level Analysis,Sheet 48,Sheet1 (Glossary_Dummy) (2),,,0,,
City Level Analysis,Sheet 10,map_data_inland_1 (Dummy),Dummy.xlsx,excel-direct,23,"Car ID,Pdi Ok,Warehouse Out,Customs,PDI_Entry,Port Arrival,Pre Warehouse Exit,Car Weight,Dealer_Arrival,Ideal Lead Time,Retail_Date,Production Date,Batch ID,Destination Port,Distance_in_km,Dealer_Receipt,City,Dealer_Name,Warehouse In,Seat Capacity,Type Class Car,Pre Warehouse Entry,Engine ID","map_data_inland_1,map_data_inland_1,map_data_inland_1,map_data_inland_1,map_data_inland_1,map_data_inland_1,map_data_inland_1,map_data_inland_1,map_data_inland_1,map_data_inland_1,map_data_inland_1,map_data_inland_1,map_data_inland_1,map_data_inland_1,map_data_inland_1,map_data_inland_1,map_data_inland_1,map_data_inland_1,map_data_inland_1,map_data_inland_1,map_data_inland_1,map_data_inland_1,map_data_inland_1"
City Level Analysis,Sheet 27,map_data_inland_1 (Dummy),Dummy.xlsx,excel-direct,23,"Car ID,Pdi Ok,Warehouse Out,Customs,PDI_Entry,Port Arrival,Pre Warehouse Exit,Car Weight,Dealer_Arrival,Ideal Lead Time,Retail_Date,Production Date,Batch ID,Destination Port,Distance_in_km,Dealer_Receipt,City,Dealer_Name,Warehouse In,Seat Capacity,Type Class Car,Pre Warehouse Entry,Engine ID","map_data_inland_1,map_data_inland_1,map_data_inland_1,map_data_inland_1,map_data_inland_1,map_data_inland_1,map_data_inland_1,map_data_inland_1,map_data_inland_1,map_data_inland_1,map_data_inland_1,map_data_inland_1,map_data_inland_1,map_data_inland_1,map_data_inland_1,map_data_inland_1,map_data_inland_1,map_data_inland_1,map_data_inland_1,map_data_inland_1,map_data_inland_1,map_data_inland_1,map_data_inland_1"
City Level Analysis,Sheet 17,map_data_inland_1 (Dummy),Dummy.xlsx,excel-direct,23,"Car ID,Pdi Ok,Warehouse Out,Customs,PDI_Entry,Port Arrival,Pre Warehouse Exit,Car Weight,Dealer_Arrival,Ideal Lead Time,Retail_Date,Production Date,Batch ID,Destination Port,Distance_in_km,Dealer_Receipt,City,Dealer_Name,Warehouse In,Seat Capacity,Type Class Car,Pre Warehouse Entry,Engine ID","map_data_inland_1,map_data_inland_1,map_data_inland_1,map_data_inland_1,map_data_inland_1,map_data_inland_1,map_data_inland_1,map_data_inland_1,map_data_inland_1,map_data_inland_1,map_data_inland_1,map_data_inland_1,map_data_inland_1,map_data_inland_1,map_data_inland_1,map_data_inland_1,map_data_inland_1,map_data_inland_1,map_data_inland_1,map_data_inland_1,map_data_inland_1,map_data_inland_1,map_data_inland_1"
City Level Analysis,Sheet 21,map_data_inland_1 (Dummy),Dummy.xlsx,excel-direct,23,"Car ID,Pdi Ok,Warehouse Out,Customs,PDI_Entry,Port Arrival,Pre Warehouse Exit,Car Weight,Dealer_Arrival,Ideal Lead Time,Retail_Date,Production Date,Batch ID,Destination Port,Distance_in_km,Dealer_Receipt,City,Dealer_Name,Warehouse In,Seat Capacity,Type Class Car,Pre Warehouse Entry,Engine ID","map_data_inland_1,map_data_inland_1,map_data_inland_1,map_data_inland_1,map_data_inland_1,map_data_inland_1,map_data_inland_1,map_data_inland_1,map_data_inland_1,map_data_inland_1,map_data_inland_1,map_data_inland_1,map_data_inland_1,map_data_inland_1,map_data_inland_1,map_data_inland_1,map_data_inland_1,map_data_inland_1,map_data_inland_1,map_data_inland_1,map_data_inland_1,map_data_inland_1,map_data_inland_1"
City Level Analysis,Sheet 2 (2),MapDataDummy,MapDataDummy.csv,textscan,8,"Path_Order,No. of Cars Delayed,City,Destination Port,Warehouse Out,No. of Cars Intime,Path ID,No. of Cars","MapDataDummy.csv,MapDataDummy.csv,MapDataDummy.csv,MapDataDummy.csv,MapDataDummy.csv,MapDataDummy.csv,MapDataDummy.csv,MapDataDummy.csv"
City Level Analysis,Sheet 28,map_data_inland_1 (Dummy),Dummy.xlsx,excel-direct,23,"Car ID,Pdi Ok,Warehouse Out,Customs,PDI_Entry,Port Arrival,Pre Warehouse Exit,Car Weight,Dealer_Arrival,Ideal Lead Time,Retail_Date,Production Date,Batch ID,Destination Port,Distance_in_km,Dealer_Receipt,City,Dealer_Name,Warehouse In,Seat Capacity,Type Class Car,Pre Warehouse Entry,Engine ID","map_data_inland_1,map_data_inland_1,map_data_inland_1,map_data_inland_1,map_data_inland_1,map_data_inland_1,map_data_inland_1,map_data_inland_1,map_data_inland_1,map_data_inland_1,map_data_inland_1,map_data_inland_1,map_data_inland_1,map_data_inland_1,map_data_inland_1,map_data_inland_1,map_data_inland_1,map_data_inland_1,map_data_inland_1,map_data_inland_1,map_data_inland_1,map_data_inland_1,map_data_inland_1"
City Level Analysis,Sheet 49,Sheet1 (Glossary_Dummy) (2),,,0,,
Glossary,Sheet 9,map_data_inland_1 (Dummy),Dummy.xlsx,excel-direct,23,"Car ID,Pdi Ok,Warehouse Out,Customs,PDI_Entry,Port Arrival,Pre Warehouse Exit,Car Weight,Dealer_Arrival,Ideal Lead Time,Retail_Date,Production Date,Batch ID,Destination Port,Distance_in_km,Dealer_Receipt,City,Dealer_Name,Warehouse In,Seat Capacity,Type Class Car,Pre Warehouse Entry,Engine ID","map_data_inland_1,map_data_inland_1,map_data_inland_1,map_data_inland_1,map_data_inland_1,map_data_inland_1,map_data_inland_1,map_data_inland_1,map_data_inland_1,map_data_inland_1,map_data_inland_1,map_data_inland_1,map_data_inland_1,map_data_inland_1,map_data_inland_1,map_data_inland_1,map_data_inland_1,map_data_inland_1,map_data_inland_1,map_data_inland_1,map_data_inland_1,map_data_inland_1,map_data_inland_1"
Glossary,Sheet 48,Sheet1 (Glossary_Dummy) (2),,,0,,
Glossary,Sheet 10,map_data_inland_1 (Dummy),Dummy.xlsx,excel-direct,23,"Car ID,Pdi Ok,Warehouse Out,Customs,PDI_Entry,Port Arrival,Pre Warehouse Exit,Car Weight,Dealer_Arrival,Ideal Lead Time,Retail_Date,Production Date,Batch ID,Destination Port,Distance_in_km,Dealer_Receipt,City,Dealer_Name,Warehouse In,Seat Capacity,Type Class Car,Pre Warehouse Entry,Engine ID","map_data_inland_1,map_data_inland_1,map_data_inland_1,map_data_inland_1,map_data_inland_1,map_data_inland_1,map_data_inland_1,map_data_inland_1,map_data_inland_1,map_data_inland_1,map_data_inland_1,map_data_inland_1,map_data_inland_1,map_data_inland_1,map_data_inland_1,map_data_inland_1,map_data_inland_1,map_data_inland_1,map_data_inland_1,map_data_inland_1,map_data_inland_1,map_data_inland_1,map_data_inland_1"
Glossary,Sheet 27,map_data_inland_1 (Dummy),Dummy.xlsx,excel-direct,23,"Car ID,Pdi Ok,Warehouse Out,Customs,PDI_Entry,Port Arrival,Pre Warehouse Exit,Car Weight,Dealer_Arrival,Ideal Lead Time,Retail_Date,Production Date,Batch ID,Destination Port,Distance_in_km,Dealer_Receipt,City,Dealer_Name,Warehouse In,Seat Capacity,Type Class Car,Pre Warehouse Entry,Engine ID","map_data_inland_1,map_data_inland_1,map_data_inland_1,map_data_inland_1,map_data_inland_1,map_data_inland_1,map_data_inland_1,map_data_inland_1,map_data_inland_1,map_data_inland_1,map_data_inland_1,map_data_inland_1,map_data_inland_1,map_data_inland_1,map_data_inland_1,map_data_inland_1,map_data_inland_1,map_data_inland_1,map_data_inland_1,map_data_inland_1,map_data_inland_1,map_data_inland_1,map_data_inland_1"
Glossary,Sheet 17,map_data_inland_1 (Dummy),Dummy.xlsx,excel-direct,23,"Car ID,Pdi Ok,Warehouse Out,Customs,PDI_Entry,Port Arrival,Pre Warehouse Exit,Car Weight,Dealer_Arrival,Ideal Lead Time,Retail_Date,Production Date,Batch ID,Destination Port,Distance_in_km,Dealer_Receipt,City,Dealer_Name,Warehouse In,Seat Capacity,Type Class Car,Pre Warehouse Entry,Engine ID","map_data_inland_1,map_data_inland_1,map_data_inland_1,map_data_inland_1,map_data_inland_1,map_data_inland_1,map_data_inland_1,map_data_inland_1,map_data_inland_1,map_data_inland_1,map_data_inland_1,map_data_inland_1,map_data_inland_1,map_data_inland_1,map_data_inland_1,map_data_inland_1,map_data_inland_1,map_data_inland_1,map_data_inland_1,map_data_inland_1,map_data_inland_1,map_data_inland_1,map_data_inland_1"
Glossary,Sheet 20,Sheet1 (Glossary_Dummy) (2),Glossary_Dummy.xlsx,excel-direct,2,"Description,Terminology","Sheet1,Sheet1"
Glossary,Sheet 28,map_data_inland_1 (Dummy),Dummy.xlsx,excel-direct,23,"Car ID,Pdi Ok,Warehouse Out,Customs,PDI_Entry,Port Arrival,Pre Warehouse Exit,Car Weight,Dealer_Arrival,Ideal Lead Time,Retail_Date,Production Date,Batch ID,Destination Port,Distance_in_km,Dealer_Receipt,City,Dealer_Name,Warehouse In,Seat Capacity,Type Class Car,Pre Warehouse Entry,Engine ID","map_data_inland_1,map_data_inland_1,map_data_inland_1,map_data_inland_1,map_data_inland_1,map_data_inland_1,map_data_inland_1,map_data_inland_1,map_data_inland_1,map_data_inland_1,map_data_inland_1,map_data_inland_1,map_data_inland_1,map_data_inland_1,map_data_inland_1,map_data_inland_1,map_data_inland_1,map_data_inland_1,map_data_inland_1,map_data_inland_1,map_data_inland_1,map_data_inland_1,map_data_inland_1"
Glossary,Sheet 49,Sheet1 (Glossary_Dummy) (2),,,0,,
