Dashboard_name,Dashboard_id,Sheet_name,Sheet_id,Datasource_id,Datasource_name,Database_name,Database_connectionType
Reach,6047b331-14cc-485b-a6a8-eeebdfd7f03a,Bounce Rate,0c2412b6-40c6-475e-15ab-42451b701471,f650413f-6baf-70be-0214-c25a472e7d11,Sheet1 (Transactions),Transactions.xlsx,excel-direct
Reach,6047b331-14cc-485b-a6a8-eeebdfd7f03a,Back_Button,14600df8-85f6-a0db-7867-01621f4c8bf5,f650413f-6baf-70be-0214-c25a472e7d11,Sheet1 (Transactions),Transactions.xlsx,excel-direct
Reach,6047b331-14cc-485b-a6a8-eeebdfd7f03a,Page View,15e81f16-a8ba-df7a-67eb-34bd480f6492,f650413f-6baf-70be-0214-c25a472e7d11,Sheet1 (Transactions),Transactions.xlsx,excel-direct
Reach,6047b331-14cc-485b-a6a8-eeebdfd7f03a,Visits,ed621787-fc77-7569-03bd-3e70a7cedafb,f650413f-6baf-70be-0214-c25a472e7d11,Sheet1 (Transactions),Transactions.xlsx,excel-direct
Promotion Effect,c61b802a-8a5d-49fe-a6f9-91eb6e4ceea3,Back_Button,14600df8-85f6-a0db-7867-01621f4c8bf5,f650413f-6baf-70be-0214-c25a472e7d11,Sheet1 (Transactions),Transactions.xlsx,excel-direct
Promotion Effect,c61b802a-8a5d-49fe-a6f9-91eb6e4ceea3,Leads Campaign,9032e65a-5976-7ef9-20ec-0183b4d4c6d9,f650413f-6baf-70be-0214-c25a472e7d11,Sheet1 (Transactions),Transactions.xlsx,excel-direct
Promotion Effect,c61b802a-8a5d-49fe-a6f9-91eb6e4ceea3,Leads,91358cae-7e27-ed23-efa7-0a9042799889,f650413f-6baf-70be-0214-c25a472e7d11,Sheet1 (Transactions),Transactions.xlsx,excel-direct
Promotion Effect,c61b802a-8a5d-49fe-a6f9-91eb6e4ceea3,Leads Segment,af50828b-6d2d-599a-c3b8-190de97783e3,f650413f-6baf-70be-0214-c25a472e7d11,Sheet1 (Transactions),Transactions.xlsx,excel-direct
Promotion Effect,c61b802a-8a5d-49fe-a6f9-91eb6e4ceea3,Leads Product,af7310b6-4cef-9aaa-f9f5-6cef1c9888cb,f650413f-6baf-70be-0214-c25a472e7d11,Sheet1 (Transactions),Transactions.xlsx,excel-direct
Conversion,608163b1-d010-4514-9277-f693d8c64b26,Back_Button,14600df8-85f6-a0db-7867-01621f4c8bf5,f650413f-6baf-70be-0214-c25a472e7d11,Sheet1 (Transactions),Transactions.xlsx,excel-direct
Conversion,608163b1-d010-4514-9277-f693d8c64b26,Campaign Conv,1ae8c224-d0fc-4131-2800-43660267b611,f650413f-6baf-70be-0214-c25a472e7d11,Sheet1 (Transactions),Transactions.xlsx,excel-direct
Conversion,608163b1-d010-4514-9277-f693d8c64b26,Revenue,1d54befe-45fa-ed27-8f66-f4101c58187d,f650413f-6baf-70be-0214-c25a472e7d11,Sheet1 (Transactions),Transactions.xlsx,excel-direct
Conversion,608163b1-d010-4514-9277-f693d8c64b26,Order_Conv,516b35a4-5d61-a449-5d86-737bfd3c63c5,f650413f-6baf-70be-0214-c25a472e7d11,Sheet1 (Transactions),Transactions.xlsx,excel-direct
Conversion,608163b1-d010-4514-9277-f693d8c64b26,Buyer_Conv,62212937-1c5f-c2f4-fb5b-7a2ed3bd0cd5,f650413f-6baf-70be-0214-c25a472e7d11,Sheet1 (Transactions),Transactions.xlsx,excel-direct
Conversion,608163b1-d010-4514-9277-f693d8c64b26,Product Conv,6449d8ef-1f9b-3e90-dd50-5cb36f00a82c,f650413f-6baf-70be-0214-c25a472e7d11,Sheet1 (Transactions),Transactions.xlsx,excel-direct
Dashboard 1,25d485af-bfc4-4451-9fbb-661888b37ff7,Downloads,2f7193b4-8aef-3283-7a83-b2123672854b,2969b7b0-6775-93f6-09cf-63c3ee34150b,Sheet1 (Transactions),Transactions.xlsx,excel-direct
Dashboard 1,25d485af-bfc4-4451-9fbb-661888b37ff7,Front,354c5787-ccd6-265a-cce5-aa84c3027d20,2969b7b0-6775-93f6-09cf-63c3ee34150b,Sheet1 (Transactions),Transactions.xlsx,excel-direct
Dashboard 1,25d485af-bfc4-4451-9fbb-661888b37ff7,Unique_Visitor,3dd28cd5-fad1-ae89-fb98-435f11873a2b,2969b7b0-6775-93f6-09cf-63c3ee34150b,Sheet1 (Transactions),Transactions.xlsx,excel-direct
Dashboard 1,25d485af-bfc4-4451-9fbb-661888b37ff7,Active_User,74b8e4d9-f46b-3ba0-3329-be4072b332a4,2969b7b0-6775-93f6-09cf-63c3ee34150b,Sheet1 (Transactions),Transactions.xlsx,excel-direct
Dashboard 1,25d485af-bfc4-4451-9fbb-661888b37ff7,Biz_Generated,bb9cdb7d-2847-c596-6d3e-2bad2d4b264c,2969b7b0-6775-93f6-09cf-63c3ee34150b,Sheet1 (Transactions),Transactions.xlsx,excel-direct
Dashboard 1,25d485af-bfc4-4451-9fbb-661888b37ff7,No_Transactions,e5a0548e-c26f-987a-1410-2e0e9848424c,2969b7b0-6775-93f6-09cf-63c3ee34150b,Sheet1 (Transactions),Transactions.xlsx,excel-direct
Reach,cbcc0b15-9c83-40a6-aea0-6768593ad506,Back_Button,0fd63a9f-b4b3-3708-119d-00fc3d603f3d,2969b7b0-6775-93f6-09cf-63c3ee34150b,Sheet1 (Transactions),Transactions.xlsx,excel-direct
Reach,cbcc0b15-9c83-40a6-aea0-6768593ad506,Front,354c5787-ccd6-265a-cce5-aa84c3027d20,2969b7b0-6775-93f6-09cf-63c3ee34150b,Sheet1 (Transactions),Transactions.xlsx,excel-direct
Reach,cbcc0b15-9c83-40a6-aea0-6768593ad506,Bounce Rate,70358a26-9d31-ac20-af1c-37ad274dc945,2969b7b0-6775-93f6-09cf-63c3ee34150b,Sheet1 (Transactions),Transactions.xlsx,excel-direct
Reach,cbcc0b15-9c83-40a6-aea0-6768593ad506,Page View,ca555ce9-dbd2-597d-6338-6742bd8a501d,2969b7b0-6775-93f6-09cf-63c3ee34150b,Sheet1 (Transactions),Transactions.xlsx,excel-direct
Reach,cbcc0b15-9c83-40a6-aea0-6768593ad506,Visits,eaad713d-54ce-c4b9-036e-6a33dea87c22,2969b7b0-6775-93f6-09cf-63c3ee34150b,Sheet1 (Transactions),Transactions.xlsx,excel-direct
Promotion Effect,2d15e4db-ea02-46ea-ae1c-4b23f43cc890,Back_Button,0fd63a9f-b4b3-3708-119d-00fc3d603f3d,2969b7b0-6775-93f6-09cf-63c3ee34150b,Sheet1 (Transactions),Transactions.xlsx,excel-direct
Promotion Effect,2d15e4db-ea02-46ea-ae1c-4b23f43cc890,Front,354c5787-ccd6-265a-cce5-aa84c3027d20,2969b7b0-6775-93f6-09cf-63c3ee34150b,Sheet1 (Transactions),Transactions.xlsx,excel-direct
Promotion Effect,2d15e4db-ea02-46ea-ae1c-4b23f43cc890,Leads Campaign,70e25b16-2e84-8265-94e1-15715b0e81ba,2969b7b0-6775-93f6-09cf-63c3ee34150b,Sheet1 (Transactions),Transactions.xlsx,excel-direct
Promotion Effect,2d15e4db-ea02-46ea-ae1c-4b23f43cc890,Leads Segment,d7c1d727-f84f-ccb7-b018-b9511dcbaa23,2969b7b0-6775-93f6-09cf-63c3ee34150b,Sheet1 (Transactions),Transactions.xlsx,excel-direct
Promotion Effect,2d15e4db-ea02-46ea-ae1c-4b23f43cc890,Leads Product,dcb28dcf-5cc6-bad3-f5b5-9b3ac507aaf4,2969b7b0-6775-93f6-09cf-63c3ee34150b,Sheet1 (Transactions),Transactions.xlsx,excel-direct
Promotion Effect,2d15e4db-ea02-46ea-ae1c-4b23f43cc890,Leads,e33c28e3-900c-9117-cd00-91a8e6539b82,2969b7b0-6775-93f6-09cf-63c3ee34150b,Sheet1 (Transactions),Transactions.xlsx,excel-direct
Conversion,a31a6cc1-104f-4351-bd1a-df62814990b1,Back_Button,0fd63a9f-b4b3-3708-119d-00fc3d603f3d,2969b7b0-6775-93f6-09cf-63c3ee34150b,Sheet1 (Transactions),Transactions.xlsx,excel-direct
Conversion,a31a6cc1-104f-4351-bd1a-df62814990b1,Order_Conv,2381da6a-9338-e4c8-15f1-6ae7ed224d8b,2969b7b0-6775-93f6-09cf-63c3ee34150b,Sheet1 (Transactions),Transactions.xlsx,excel-direct
Conversion,a31a6cc1-104f-4351-bd1a-df62814990b1,Front,354c5787-ccd6-265a-cce5-aa84c3027d20,2969b7b0-6775-93f6-09cf-63c3ee34150b,Sheet1 (Transactions),Transactions.xlsx,excel-direct
Conversion,a31a6cc1-104f-4351-bd1a-df62814990b1,Buyer_Conv,5ed41387-265a-6140-ba22-e2266137105b,2969b7b0-6775-93f6-09cf-63c3ee34150b,Sheet1 (Transactions),Transactions.xlsx,excel-direct
Conversion,a31a6cc1-104f-4351-bd1a-df62814990b1,Campaign Conv,ab9e3b3f-56fa-30e7-20ff-c2b102b6c062,2969b7b0-6775-93f6-09cf-63c3ee34150b,Sheet1 (Transactions),Transactions.xlsx,excel-direct
Conversion,a31a6cc1-104f-4351-bd1a-df62814990b1,Product Conv,c46949c5-3ca6-2fe1-0c3c-ad08cb7e73a1,2969b7b0-6775-93f6-09cf-63c3ee34150b,Sheet1 (Transactions),Transactions.xlsx,excel-direct
Conversion,a31a6cc1-104f-4351-bd1a-df62814990b1,Revenue,de5f184a-6fcf-d227-8893-953f9fc6e071,2969b7b0-6775-93f6-09cf-63c3ee34150b,Sheet1 (Transactions),Transactions.xlsx,excel-direct
Content,8cbc3450-ad21-461e-802e-ac82bfac5126,Back_Button,0fd63a9f-b4b3-3708-119d-00fc3d603f3d,2969b7b0-6775-93f6-09cf-63c3ee34150b,Sheet1 (Transactions),Transactions.xlsx,excel-direct
Content,8cbc3450-ad21-461e-802e-ac82bfac5126,Front,354c5787-ccd6-265a-cce5-aa84c3027d20,2969b7b0-6775-93f6-09cf-63c3ee34150b,Sheet1 (Transactions),Transactions.xlsx,excel-direct
Content,8cbc3450-ad21-461e-802e-ac82bfac5126,Site stickiness,41ba30cd-422e-adf7-7711-fd7c949e85f3,2969b7b0-6775-93f6-09cf-63c3ee34150b,Sheet1 (Transactions),Transactions.xlsx,excel-direct
Content,8cbc3450-ad21-461e-802e-ac82bfac5126,Facebook,42f3c05f-4874-09fe-5fdb-8f1bcee281f5,2969b7b0-6775-93f6-09cf-63c3ee34150b,Sheet1 (Transactions),Transactions.xlsx,excel-direct
Content,8cbc3450-ad21-461e-802e-ac82bfac5126,Youtube,48163974-e78f-4698-689b-02b73b82c070,2969b7b0-6775-93f6-09cf-63c3ee34150b,Sheet1 (Transactions),Transactions.xlsx,excel-direct
Content,8cbc3450-ad21-461e-802e-ac82bfac5126,Linkedin,5f8912f0-2bcb-c7c2-3351-c66e50d91d3a,2969b7b0-6775-93f6-09cf-63c3ee34150b,Sheet1 (Transactions),Transactions.xlsx,excel-direct
Content,8cbc3450-ad21-461e-802e-ac82bfac5126,Twitter,7c071ed0-fd74-4806-53d4-84980365a958,2969b7b0-6775-93f6-09cf-63c3ee34150b,Sheet1 (Transactions),Transactions.xlsx,excel-direct
Content,8cbc3450-ad21-461e-802e-ac82bfac5126,Email,c08804b7-99f3-ae22-d583-d472cc845235,2969b7b0-6775-93f6-09cf-63c3ee34150b,Sheet1 (Transactions),Transactions.xlsx,excel-direct
Content,8cbc3450-ad21-461e-802e-ac82bfac5126,Visit Customer,d392f22f-b1e4-7e87-cb59-edd77ecd7732,2969b7b0-6775-93f6-09cf-63c3ee34150b,Sheet1 (Transactions),Transactions.xlsx,excel-direct
Comparison of People Metrics,4c29991b-0b11-4243-8a1b-650f52e236d5,Promoters vs Detractors (2019),68ad9cc3-9c69-2d40-7d9c-df628cb3c94c,"a3ff21a8-ffe2-1962-055b-2b7974f8e193,fdf94230-086c-d642-1f7b-e7af0d99bb87","Sheet1 (NPS Metrics),Sheet1 (Claim Data)","NPS Metrics.xlsx,Claim Data.xlsx","excel-direct,excel-direct"
Comparison of People Metrics,4c29991b-0b11-4243-8a1b-650f52e236d5,Y-o-Y CSAT Comparison,7ccc6d0c-ea4e-3aa3-354e-01cf152e726e,"a3ff21a8-ffe2-1962-055b-2b7974f8e193,fdf94230-086c-d642-1f7b-e7af0d99bb87","Sheet1 (NPS Metrics),Sheet1 (Claim Data)","NPS Metrics.xlsx,Claim Data.xlsx","excel-direct,excel-direct"
Comparison of People Metrics,4c29991b-0b11-4243-8a1b-650f52e236d5,Cycle Times on Insurance Claim,85e677d0-a64d-e1d4-1269-5e9376f2d3fb,"a3ff21a8-ffe2-1962-055b-2b7974f8e193,fdf94230-086c-d642-1f7b-e7af0d99bb87","Sheet1 (NPS Metrics),Sheet1 (Claim Data)","NPS Metrics.xlsx,Claim Data.xlsx","excel-direct,excel-direct"
Comparison of People Metrics,4c29991b-0b11-4243-8a1b-650f52e236d5,Rural/Urban Distribution (2019),be2c54fb-5d01-a077-2c7d-af5a7ad248d5,"a3ff21a8-ffe2-1962-055b-2b7974f8e193,fdf94230-086c-d642-1f7b-e7af0d99bb87","Sheet1 (NPS Metrics),Sheet1 (Claim Data)","NPS Metrics.xlsx,Claim Data.xlsx","excel-direct,excel-direct"
Comparison of People Metrics,4c29991b-0b11-4243-8a1b-650f52e236d5,Y-o-Y NPS Comparison,c16b85d9-13d4-860d-2d0f-31bfc31b43a1,"a3ff21a8-ffe2-1962-055b-2b7974f8e193,fdf94230-086c-d642-1f7b-e7af0d99bb87","Sheet1 (NPS Metrics),Sheet1 (Claim Data)","NPS Metrics.xlsx,Claim Data.xlsx","excel-direct,excel-direct"
Comparison of Financial Metrics,2d0e3014-b2e0-4d3c-a07e-a0f2cb3a2b59,Ratio Comparison,0d124188-549f-c77f-325c-11d3e43f137a,cdb6a286-b9c8-a515-2e75-f85414ed76d2,Revenue Analysis (Finance Data),Finance Data.xlsx,excel-direct
Comparison of Financial Metrics,2d0e3014-b2e0-4d3c-a07e-a0f2cb3a2b59,Total Revenue,2c913441-d178-6971-b913-238730568cf9,cdb6a286-b9c8-a515-2e75-f85414ed76d2,Revenue Analysis (Finance Data),Finance Data.xlsx,excel-direct
Comparison of Financial Metrics,2d0e3014-b2e0-4d3c-a07e-a0f2cb3a2b59,Fee Income,31bca309-5a4c-e551-5fc0-abeb7fe1fbc2,cdb6a286-b9c8-a515-2e75-f85414ed76d2,Revenue Analysis (Finance Data),Finance Data.xlsx,excel-direct
Comparison of Financial Metrics,2d0e3014-b2e0-4d3c-a07e-a0f2cb3a2b59,Claims Loss,417f8e06-7295-e44e-7e88-c674655f0c81,cdb6a286-b9c8-a515-2e75-f85414ed76d2,Revenue Analysis (Finance Data),Finance Data.xlsx,excel-direct
Comparison of Financial Metrics,2d0e3014-b2e0-4d3c-a07e-a0f2cb3a2b59,Premium Earned,6c77ec3c-011f-dfc9-fd49-d271d57a0e15,cdb6a286-b9c8-a515-2e75-f85414ed76d2,Revenue Analysis (Finance Data),Finance Data.xlsx,excel-direct
Comparison of Financial Metrics,2d0e3014-b2e0-4d3c-a07e-a0f2cb3a2b59,Investment Income,9818fceb-17f5-fde3-6e3c-e25ba3a5e175,cdb6a286-b9c8-a515-2e75-f85414ed76d2,Revenue Analysis (Finance Data),Finance Data.xlsx,excel-direct
Comparison of Financial Metrics,2d0e3014-b2e0-4d3c-a07e-a0f2cb3a2b59,Capital Gains,c372e029-1a10-15b2-c738-6126961dd080,cdb6a286-b9c8-a515-2e75-f85414ed76d2,Revenue Analysis (Finance Data),Finance Data.xlsx,excel-direct
Comparison of Financial Metrics,2d0e3014-b2e0-4d3c-a07e-a0f2cb3a2b59,Operating Cost,dd371318-c797-466c-0ac2-4c83570c2f35,cdb6a286-b9c8-a515-2e75-f85414ed76d2,Revenue Analysis (Finance Data),Finance Data.xlsx,excel-direct
Executive Dashboard,c2829716-ea1c-405a-ae83-d679f50797da,Sheet 72,0cd6a77f-2e47-ef12-beba-36bf32edcd9c,"1a60d436-caf2-e824-42ef-f5f35012bc84,27a88d63-d288-3907-236f-87fc693e2e10,858894b2-f858-b964-b9c9-991942823f0c,950e6ee3-28ed-1fc8-3193-c5b087eea430,9cb6358c-cff1-8f7d-7af1-cb5f40d76dfb,9e1de29a-a146-4f89-25cd-f2585ef95aa7,a8990b49-2ae2-9df1-3d14-9da4b25a41f0,b5fb70f7-d795-f06a-d6e5-40e0dc6a3cd3","Sheet1 (Account Risk with Jan FTE),Sheet1 (Before and After COVID 19 New),Sheet1 (5_11_20_Key Opportunity Groups (HC)),Opprtunity Breakup,Sheet1 (5_11_20_Executive Dashboard_FTE Count vs Projected Risk (HC)),Clipboard_20200427T171331,Sheet1 (19_05_2020 Industry Filter),Sheet1 (Probable Sales Excel)","Clipboard_20200427T171331.xls,19_05_2020 Industry Filter.xlsx,5_11_20_Key Opportunity Groups (HC).xlsx,Probable Sales Excel.xlsx,Before and After COVID 19 New.xlsx,Clipboard_20200514T114922.xls,Account Risk with Jan FTE.xlsx,5_11_20_Executive Dashboard_FTE Count vs Projected Risk (HC).xlsx","excel-direct,excel-direct,excel-direct,excel-direct,excel-direct,excel-direct,excel-direct,excel-direct"
Executive Dashboard,c2829716-ea1c-405a-ae83-d679f50797da,Top 5 Key Opportunity Group,2c30dd04-346b-906a-3937-aea0fb58e9de,"1a60d436-caf2-e824-42ef-f5f35012bc84,27a88d63-d288-3907-236f-87fc693e2e10,858894b2-f858-b964-b9c9-991942823f0c,950e6ee3-28ed-1fc8-3193-c5b087eea430,9cb6358c-cff1-8f7d-7af1-cb5f40d76dfb,9e1de29a-a146-4f89-25cd-f2585ef95aa7,a8990b49-2ae2-9df1-3d14-9da4b25a41f0,b5fb70f7-d795-f06a-d6e5-40e0dc6a3cd3","Sheet1 (Account Risk with Jan FTE),Sheet1 (Before and After COVID 19 New),Sheet1 (5_11_20_Key Opportunity Groups (HC)),Opprtunity Breakup,Sheet1 (5_11_20_Executive Dashboard_FTE Count vs Projected Risk (HC)),Clipboard_20200427T171331,Sheet1 (19_05_2020 Industry Filter),Sheet1 (Probable Sales Excel)","Clipboard_20200427T171331.xls,19_05_2020 Industry Filter.xlsx,5_11_20_Key Opportunity Groups (HC).xlsx,Probable Sales Excel.xlsx,Before and After COVID 19 New.xlsx,Clipboard_20200514T114922.xls,Account Risk with Jan FTE.xlsx,5_11_20_Executive Dashboard_FTE Count vs Projected Risk (HC).xlsx","excel-direct,excel-direct,excel-direct,excel-direct,excel-direct,excel-direct,excel-direct,excel-direct"
Executive Dashboard,c2829716-ea1c-405a-ae83-d679f50797da,Sheet 71,36c84f1c-c575-ae18-4252-bbbc0b602d8b,"1a60d436-caf2-e824-42ef-f5f35012bc84,27a88d63-d288-3907-236f-87fc693e2e10,858894b2-f858-b964-b9c9-991942823f0c,950e6ee3-28ed-1fc8-3193-c5b087eea430,9cb6358c-cff1-8f7d-7af1-cb5f40d76dfb,9e1de29a-a146-4f89-25cd-f2585ef95aa7,a8990b49-2ae2-9df1-3d14-9da4b25a41f0,b5fb70f7-d795-f06a-d6e5-40e0dc6a3cd3","Sheet1 (Account Risk with Jan FTE),Sheet1 (Before and After COVID 19 New),Sheet1 (5_11_20_Key Opportunity Groups (HC)),Opprtunity Breakup,Sheet1 (5_11_20_Executive Dashboard_FTE Count vs Projected Risk (HC)),Clipboard_20200427T171331,Sheet1 (19_05_2020 Industry Filter),Sheet1 (Probable Sales Excel)","Clipboard_20200427T171331.xls,19_05_2020 Industry Filter.xlsx,5_11_20_Key Opportunity Groups (HC).xlsx,Probable Sales Excel.xlsx,Before and After COVID 19 New.xlsx,Clipboard_20200514T114922.xls,Account Risk with Jan FTE.xlsx,5_11_20_Executive Dashboard_FTE Count vs Projected Risk (HC).xlsx","excel-direct,excel-direct,excel-direct,excel-direct,excel-direct,excel-direct,excel-direct,excel-direct"
Executive Dashboard,c2829716-ea1c-405a-ae83-d679f50797da,Sheet 51,7781f01c-0e6c-11a9-a9dc-56ef16b64269,"1a60d436-caf2-e824-42ef-f5f35012bc84,27a88d63-d288-3907-236f-87fc693e2e10,858894b2-f858-b964-b9c9-991942823f0c,950e6ee3-28ed-1fc8-3193-c5b087eea430,9cb6358c-cff1-8f7d-7af1-cb5f40d76dfb,9e1de29a-a146-4f89-25cd-f2585ef95aa7,a8990b49-2ae2-9df1-3d14-9da4b25a41f0,b5fb70f7-d795-f06a-d6e5-40e0dc6a3cd3","Sheet1 (Account Risk with Jan FTE),Sheet1 (Before and After COVID 19 New),Sheet1 (5_11_20_Key Opportunity Groups (HC)),Opprtunity Breakup,Sheet1 (5_11_20_Executive Dashboard_FTE Count vs Projected Risk (HC)),Clipboard_20200427T171331,Sheet1 (19_05_2020 Industry Filter),Sheet1 (Probable Sales Excel)","Clipboard_20200427T171331.xls,19_05_2020 Industry Filter.xlsx,5_11_20_Key Opportunity Groups (HC).xlsx,Probable Sales Excel.xlsx,Before and After COVID 19 New.xlsx,Clipboard_20200514T114922.xls,Account Risk with Jan FTE.xlsx,5_11_20_Executive Dashboard_FTE Count vs Projected Risk (HC).xlsx","excel-direct,excel-direct,excel-direct,excel-direct,excel-direct,excel-direct,excel-direct,excel-direct"
Executive Dashboard,c2829716-ea1c-405a-ae83-d679f50797da,overall roll off count (4),9cef3b2a-447b-3dc3-76a6-14913bb4fa29,"1a60d436-caf2-e824-42ef-f5f35012bc84,27a88d63-d288-3907-236f-87fc693e2e10,858894b2-f858-b964-b9c9-991942823f0c,950e6ee3-28ed-1fc8-3193-c5b087eea430,9cb6358c-cff1-8f7d-7af1-cb5f40d76dfb,9e1de29a-a146-4f89-25cd-f2585ef95aa7,a8990b49-2ae2-9df1-3d14-9da4b25a41f0,b5fb70f7-d795-f06a-d6e5-40e0dc6a3cd3","Sheet1 (Account Risk with Jan FTE),Sheet1 (Before and After COVID 19 New),Sheet1 (5_11_20_Key Opportunity Groups (HC)),Opprtunity Breakup,Sheet1 (5_11_20_Executive Dashboard_FTE Count vs Projected Risk (HC)),Clipboard_20200427T171331,Sheet1 (19_05_2020 Industry Filter),Sheet1 (Probable Sales Excel)","Clipboard_20200427T171331.xls,19_05_2020 Industry Filter.xlsx,5_11_20_Key Opportunity Groups (HC).xlsx,Probable Sales Excel.xlsx,Before and After COVID 19 New.xlsx,Clipboard_20200514T114922.xls,Account Risk with Jan FTE.xlsx,5_11_20_Executive Dashboard_FTE Count vs Projected Risk (HC).xlsx","excel-direct,excel-direct,excel-direct,excel-direct,excel-direct,excel-direct,excel-direct,excel-direct"
Executive Dashboard,c2829716-ea1c-405a-ae83-d679f50797da,Sheet 28,ba09242f-ff80-f4bb-8930-8fb0cda7e476,"1a60d436-caf2-e824-42ef-f5f35012bc84,27a88d63-d288-3907-236f-87fc693e2e10,858894b2-f858-b964-b9c9-991942823f0c,950e6ee3-28ed-1fc8-3193-c5b087eea430,9cb6358c-cff1-8f7d-7af1-cb5f40d76dfb,9e1de29a-a146-4f89-25cd-f2585ef95aa7,a8990b49-2ae2-9df1-3d14-9da4b25a41f0,b5fb70f7-d795-f06a-d6e5-40e0dc6a3cd3","Sheet1 (Account Risk with Jan FTE),Sheet1 (Before and After COVID 19 New),Sheet1 (5_11_20_Key Opportunity Groups (HC)),Opprtunity Breakup,Sheet1 (5_11_20_Executive Dashboard_FTE Count vs Projected Risk (HC)),Clipboard_20200427T171331,Sheet1 (19_05_2020 Industry Filter),Sheet1 (Probable Sales Excel)","Clipboard_20200427T171331.xls,19_05_2020 Industry Filter.xlsx,5_11_20_Key Opportunity Groups (HC).xlsx,Probable Sales Excel.xlsx,Before and After COVID 19 New.xlsx,Clipboard_20200514T114922.xls,Account Risk with Jan FTE.xlsx,5_11_20_Executive Dashboard_FTE Count vs Projected Risk (HC).xlsx","excel-direct,excel-direct,excel-direct,excel-direct,excel-direct,excel-direct,excel-direct,excel-direct"
Executive Dashboard,c2829716-ea1c-405a-ae83-d679f50797da,Sheet 34 (2),c06ecbd2-262f-30a2-d728-62b2e21ea860,"1a60d436-caf2-e824-42ef-f5f35012bc84,27a88d63-d288-3907-236f-87fc693e2e10,858894b2-f858-b964-b9c9-991942823f0c,950e6ee3-28ed-1fc8-3193-c5b087eea430,9cb6358c-cff1-8f7d-7af1-cb5f40d76dfb,9e1de29a-a146-4f89-25cd-f2585ef95aa7,a8990b49-2ae2-9df1-3d14-9da4b25a41f0,b5fb70f7-d795-f06a-d6e5-40e0dc6a3cd3","Sheet1 (Account Risk with Jan FTE),Sheet1 (Before and After COVID 19 New),Sheet1 (5_11_20_Key Opportunity Groups (HC)),Opprtunity Breakup,Sheet1 (5_11_20_Executive Dashboard_FTE Count vs Projected Risk (HC)),Clipboard_20200427T171331,Sheet1 (19_05_2020 Industry Filter),Sheet1 (Probable Sales Excel)","Clipboard_20200427T171331.xls,19_05_2020 Industry Filter.xlsx,5_11_20_Key Opportunity Groups (HC).xlsx,Probable Sales Excel.xlsx,Before and After COVID 19 New.xlsx,Clipboard_20200514T114922.xls,Account Risk with Jan FTE.xlsx,5_11_20_Executive Dashboard_FTE Count vs Projected Risk (HC).xlsx","excel-direct,excel-direct,excel-direct,excel-direct,excel-direct,excel-direct,excel-direct,excel-direct"
Executive Dashboard,c2829716-ea1c-405a-ae83-d679f50797da,over all roll off count,cbf73388-142d-757c-c9e1-67fe4f524b0e,"1a60d436-caf2-e824-42ef-f5f35012bc84,27a88d63-d288-3907-236f-87fc693e2e10,858894b2-f858-b964-b9c9-991942823f0c,950e6ee3-28ed-1fc8-3193-c5b087eea430,9cb6358c-cff1-8f7d-7af1-cb5f40d76dfb,9e1de29a-a146-4f89-25cd-f2585ef95aa7,a8990b49-2ae2-9df1-3d14-9da4b25a41f0,b5fb70f7-d795-f06a-d6e5-40e0dc6a3cd3","Sheet1 (Account Risk with Jan FTE),Sheet1 (Before and After COVID 19 New),Sheet1 (5_11_20_Key Opportunity Groups (HC)),Opprtunity Breakup,Sheet1 (5_11_20_Executive Dashboard_FTE Count vs Projected Risk (HC)),Clipboard_20200427T171331,Sheet1 (19_05_2020 Industry Filter),Sheet1 (Probable Sales Excel)","Clipboard_20200427T171331.xls,19_05_2020 Industry Filter.xlsx,5_11_20_Key Opportunity Groups (HC).xlsx,Probable Sales Excel.xlsx,Before and After COVID 19 New.xlsx,Clipboard_20200514T114922.xls,Account Risk with Jan FTE.xlsx,5_11_20_Executive Dashboard_FTE Count vs Projected Risk (HC).xlsx","excel-direct,excel-direct,excel-direct,excel-direct,excel-direct,excel-direct,excel-direct,excel-direct"
Executive Dashboard,c2829716-ea1c-405a-ae83-d679f50797da,Bottom 5 Key Opportunity Group,e423df8e-4c1e-640d-6018-87b28484cea7,"1a60d436-caf2-e824-42ef-f5f35012bc84,27a88d63-d288-3907-236f-87fc693e2e10,858894b2-f858-b964-b9c9-991942823f0c,950e6ee3-28ed-1fc8-3193-c5b087eea430,9cb6358c-cff1-8f7d-7af1-cb5f40d76dfb,9e1de29a-a146-4f89-25cd-f2585ef95aa7,a8990b49-2ae2-9df1-3d14-9da4b25a41f0,b5fb70f7-d795-f06a-d6e5-40e0dc6a3cd3","Sheet1 (Account Risk with Jan FTE),Sheet1 (Before and After COVID 19 New),Sheet1 (5_11_20_Key Opportunity Groups (HC)),Opprtunity Breakup,Sheet1 (5_11_20_Executive Dashboard_FTE Count vs Projected Risk (HC)),Clipboard_20200427T171331,Sheet1 (19_05_2020 Industry Filter),Sheet1 (Probable Sales Excel)","Clipboard_20200427T171331.xls,19_05_2020 Industry Filter.xlsx,5_11_20_Key Opportunity Groups (HC).xlsx,Probable Sales Excel.xlsx,Before and After COVID 19 New.xlsx,Clipboard_20200514T114922.xls,Account Risk with Jan FTE.xlsx,5_11_20_Executive Dashboard_FTE Count vs Projected Risk (HC).xlsx","excel-direct,excel-direct,excel-direct,excel-direct,excel-direct,excel-direct,excel-direct,excel-direct"
Executive Dashboard,c2829716-ea1c-405a-ae83-d679f50797da,Sheet 73,ff587d44-286c-cda3-c5f3-01b2ba1578df,"1a60d436-caf2-e824-42ef-f5f35012bc84,27a88d63-d288-3907-236f-87fc693e2e10,858894b2-f858-b964-b9c9-991942823f0c,950e6ee3-28ed-1fc8-3193-c5b087eea430,9cb6358c-cff1-8f7d-7af1-cb5f40d76dfb,9e1de29a-a146-4f89-25cd-f2585ef95aa7,a8990b49-2ae2-9df1-3d14-9da4b25a41f0,b5fb70f7-d795-f06a-d6e5-40e0dc6a3cd3","Sheet1 (Account Risk with Jan FTE),Sheet1 (Before and After COVID 19 New),Sheet1 (5_11_20_Key Opportunity Groups (HC)),Opprtunity Breakup,Sheet1 (5_11_20_Executive Dashboard_FTE Count vs Projected Risk (HC)),Clipboard_20200427T171331,Sheet1 (19_05_2020 Industry Filter),Sheet1 (Probable Sales Excel)","Clipboard_20200427T171331.xls,19_05_2020 Industry Filter.xlsx,5_11_20_Key Opportunity Groups (HC).xlsx,Probable Sales Excel.xlsx,Before and After COVID 19 New.xlsx,Clipboard_20200514T114922.xls,Account Risk with Jan FTE.xlsx,5_11_20_Executive Dashboard_FTE Count vs Projected Risk (HC).xlsx","excel-direct,excel-direct,excel-direct,excel-direct,excel-direct,excel-direct,excel-direct,excel-direct"
Account Risk,fb2e1d79-9f64-4936-b8bd-1520ac9992ff,Sheet 34 (3),03f37f37-a891-84b0-2ac0-b96afc4d9160,"9cb6358c-cff1-8f7d-7af1-cb5f40d76dfb,a8990b49-2ae2-9df1-3d14-9da4b25a41f0,ec9886d4-7a85-7acf-510d-63b6630aa661","Sheet1 (5_11_20_Executive Dashboard_FTE Count vs Projected Risk (HC)),Sheet1 (19_05_2020 Industry Filter),Sheet1 (5_11_20_Account Risk_Company Name)","19_05_2020 Industry Filter.xlsx,5_11_20_Account Risk_Company Name.xlsx,5_11_20_Executive Dashboard_FTE Count vs Projected Risk (HC).xlsx","excel-direct,excel-direct,excel-direct"
Account Risk,fb2e1d79-9f64-4936-b8bd-1520ac9992ff,Sheet 48,57164af7-d360-f08a-1b66-bee3e5f0db9e,"9cb6358c-cff1-8f7d-7af1-cb5f40d76dfb,a8990b49-2ae2-9df1-3d14-9da4b25a41f0,ec9886d4-7a85-7acf-510d-63b6630aa661","Sheet1 (5_11_20_Executive Dashboard_FTE Count vs Projected Risk (HC)),Sheet1 (19_05_2020 Industry Filter),Sheet1 (5_11_20_Account Risk_Company Name)","19_05_2020 Industry Filter.xlsx,5_11_20_Account Risk_Company Name.xlsx,5_11_20_Executive Dashboard_FTE Count vs Projected Risk (HC).xlsx","excel-direct,excel-direct,excel-direct"
Account Risk,fb2e1d79-9f64-4936-b8bd-1520ac9992ff,Sheet 48 (3),913486fb-78d2-640d-5ca7-77808407cb54,"9cb6358c-cff1-8f7d-7af1-cb5f40d76dfb,a8990b49-2ae2-9df1-3d14-9da4b25a41f0,ec9886d4-7a85-7acf-510d-63b6630aa661","Sheet1 (5_11_20_Executive Dashboard_FTE Count vs Projected Risk (HC)),Sheet1 (19_05_2020 Industry Filter),Sheet1 (5_11_20_Account Risk_Company Name)","19_05_2020 Industry Filter.xlsx,5_11_20_Account Risk_Company Name.xlsx,5_11_20_Executive Dashboard_FTE Count vs Projected Risk (HC).xlsx","excel-direct,excel-direct,excel-direct"
Account Risk,fb2e1d79-9f64-4936-b8bd-1520ac9992ff,Sheet 34 (5),b04aafcb-3048-76df-c826-b968ff3cbf09,"9cb6358c-cff1-8f7d-7af1-cb5f40d76dfb,a8990b49-2ae2-9df1-3d14-9da4b25a41f0,ec9886d4-7a85-7acf-510d-63b6630aa661","Sheet1 (5_11_20_Executive Dashboard_FTE Count vs Projected Risk (HC)),Sheet1 (19_05_2020 Industry Filter),Sheet1 (5_11_20_Account Risk_Company Name)","19_05_2020 Industry Filter.xlsx,5_11_20_Account Risk_Company Name.xlsx,5_11_20_Executive Dashboard_FTE Count vs Projected Risk (HC).xlsx","excel-direct,excel-direct,excel-direct"
Account Risk,fb2e1d79-9f64-4936-b8bd-1520ac9992ff,Sheet 28 (2),bd9dfaf8-3aca-e6ad-7c0a-5db157c6772b,"9cb6358c-cff1-8f7d-7af1-cb5f40d76dfb,a8990b49-2ae2-9df1-3d14-9da4b25a41f0,ec9886d4-7a85-7acf-510d-63b6630aa661","Sheet1 (5_11_20_Executive Dashboard_FTE Count vs Projected Risk (HC)),Sheet1 (19_05_2020 Industry Filter),Sheet1 (5_11_20_Account Risk_Company Name)","19_05_2020 Industry Filter.xlsx,5_11_20_Account Risk_Company Name.xlsx,5_11_20_Executive Dashboard_FTE Count vs Projected Risk (HC).xlsx","excel-direct,excel-direct,excel-direct"
GDP Impact,e57ada42-bc18-4882-b091-78affe8bcf1c,Sheet 7,2d72f58e-e42d-d23b-3351-c6ccc493b77e,5c5606a0-5d96-344e-6769-25649ed0c257,World GDP Impact (risk_Tab),,
GDP Impact,e57ada42-bc18-4882-b091-78affe8bcf1c,Sheet 7 (2),75263fb2-0a47-723a-552e-0372247b6dbb,5c5606a0-5d96-344e-6769-25649ed0c257,World GDP Impact (risk_Tab),,
GDP Impact,e57ada42-bc18-4882-b091-78affe8bcf1c,GDP bars,779363a0-141c-f54c-32b6-dfc45a3c4578,5c5606a0-5d96-344e-6769-25649ed0c257,World GDP Impact (risk_Tab),,
Human Impact,e878ddad-a6a9-4cdb-8048-c626b6a6fa95,Sheet 60 (4),34b4cd28-8886-c14b-e897-fdbfefe21036,7d016216-a363-5be9-dddc-b1e473e0dbe5,Sheet2 (Latest Worldometer Data),Latest Worldometer Data.xlsx,excel-direct
Human Impact,e878ddad-a6a9-4cdb-8048-c626b6a6fa95,Sheet 60,607c037b-486e-f0aa-4111-442a6b203ab8,7d016216-a363-5be9-dddc-b1e473e0dbe5,Sheet2 (Latest Worldometer Data),Latest Worldometer Data.xlsx,excel-direct
Human Impact,e878ddad-a6a9-4cdb-8048-c626b6a6fa95,Sheet 43,6361e0ef-1832-a481-405d-e62ba5eb64db,7d016216-a363-5be9-dddc-b1e473e0dbe5,Sheet2 (Latest Worldometer Data),Latest Worldometer Data.xlsx,excel-direct
Human Impact,e878ddad-a6a9-4cdb-8048-c626b6a6fa95,Sheet 60 (2),9074edd0-d8f3-d6c4-d7dd-e420691170da,7d016216-a363-5be9-dddc-b1e473e0dbe5,Sheet2 (Latest Worldometer Data),Latest Worldometer Data.xlsx,excel-direct
Human Impact,e878ddad-a6a9-4cdb-8048-c626b6a6fa95,Sheet 41,95d26e94-f73c-d02c-6576-157ca3e2ed41,7d016216-a363-5be9-dddc-b1e473e0dbe5,Sheet2 (Latest Worldometer Data),Latest Worldometer Data.xlsx,excel-direct
Booking Sales and Pipeline,898e42c8-fe0f-4a0c-b340-245b53748849,Sheet 68,26fb69a5-067a-eb70-1bf3-c8a260e3c943,"107053e5-35f6-4fd5-255a-5685946cf4cb,1c47369f-7ee5-7e5a-58a3-b809c42cc9f2,53aa1f17-5e5f-7720-fbd6-43f3516147ee,70a1d22d-579c-78ca-47f6-4b3e4f410726,968d80ba-ecb6-5fa5-458a-2026175e6890,9f1db26c-cea2-db08-dab7-7c51ad977548","Clipboard_20200422T142453,Clipboard_20200422T142147,Clipboard_20200422T143021,Clipboard_20200422T141802,Booking in Pipeline,Clipboard_20200422T141534","Clipboard_20200422T140528.xls,Clipboard_20200422T141802.xls,Clipboard_20200422T143021.xls,Clipboard_20200422T142147.xls,Clipboard_20200422T142453.xls,Clipboard_20200422T141534.xls","excel-direct,excel-direct,excel-direct,excel-direct,excel-direct,excel-direct"
Booking Sales and Pipeline,898e42c8-fe0f-4a0c-b340-245b53748849,Sheet 67,5f97ec51-7278-0906-6b0f-949a5325ed34,"107053e5-35f6-4fd5-255a-5685946cf4cb,1c47369f-7ee5-7e5a-58a3-b809c42cc9f2,53aa1f17-5e5f-7720-fbd6-43f3516147ee,70a1d22d-579c-78ca-47f6-4b3e4f410726,968d80ba-ecb6-5fa5-458a-2026175e6890,9f1db26c-cea2-db08-dab7-7c51ad977548","Clipboard_20200422T142453,Clipboard_20200422T142147,Clipboard_20200422T143021,Clipboard_20200422T141802,Booking in Pipeline,Clipboard_20200422T141534","Clipboard_20200422T140528.xls,Clipboard_20200422T141802.xls,Clipboard_20200422T143021.xls,Clipboard_20200422T142147.xls,Clipboard_20200422T142453.xls,Clipboard_20200422T141534.xls","excel-direct,excel-direct,excel-direct,excel-direct,excel-direct,excel-direct"
Booking Sales and Pipeline,898e42c8-fe0f-4a0c-b340-245b53748849,Sheet 65,69a0613d-9ab8-8c58-1e7e-c1877bb3e56f,"107053e5-35f6-4fd5-255a-5685946cf4cb,1c47369f-7ee5-7e5a-58a3-b809c42cc9f2,53aa1f17-5e5f-7720-fbd6-43f3516147ee,70a1d22d-579c-78ca-47f6-4b3e4f410726,968d80ba-ecb6-5fa5-458a-2026175e6890,9f1db26c-cea2-db08-dab7-7c51ad977548","Clipboard_20200422T142453,Clipboard_20200422T142147,Clipboard_20200422T143021,Clipboard_20200422T141802,Booking in Pipeline,Clipboard_20200422T141534","Clipboard_20200422T140528.xls,Clipboard_20200422T141802.xls,Clipboard_20200422T143021.xls,Clipboard_20200422T142147.xls,Clipboard_20200422T142453.xls,Clipboard_20200422T141534.xls","excel-direct,excel-direct,excel-direct,excel-direct,excel-direct,excel-direct"
Booking Sales and Pipeline,898e42c8-fe0f-4a0c-b340-245b53748849,Sheet 66,6c68c94c-a395-e92f-c410-279700132a1b,"107053e5-35f6-4fd5-255a-5685946cf4cb,1c47369f-7ee5-7e5a-58a3-b809c42cc9f2,53aa1f17-5e5f-7720-fbd6-43f3516147ee,70a1d22d-579c-78ca-47f6-4b3e4f410726,968d80ba-ecb6-5fa5-458a-2026175e6890,9f1db26c-cea2-db08-dab7-7c51ad977548","Clipboard_20200422T142453,Clipboard_20200422T142147,Clipboard_20200422T143021,Clipboard_20200422T141802,Booking in Pipeline,Clipboard_20200422T141534","Clipboard_20200422T140528.xls,Clipboard_20200422T141802.xls,Clipboard_20200422T143021.xls,Clipboard_20200422T142147.xls,Clipboard_20200422T142453.xls,Clipboard_20200422T141534.xls","excel-direct,excel-direct,excel-direct,excel-direct,excel-direct,excel-direct"
Booking Sales and Pipeline,898e42c8-fe0f-4a0c-b340-245b53748849,Sheet 63,a5684e0e-dee6-9581-2e16-765e2f5e21fa,"107053e5-35f6-4fd5-255a-5685946cf4cb,1c47369f-7ee5-7e5a-58a3-b809c42cc9f2,53aa1f17-5e5f-7720-fbd6-43f3516147ee,70a1d22d-579c-78ca-47f6-4b3e4f410726,968d80ba-ecb6-5fa5-458a-2026175e6890,9f1db26c-cea2-db08-dab7-7c51ad977548","Clipboard_20200422T142453,Clipboard_20200422T142147,Clipboard_20200422T143021,Clipboard_20200422T141802,Booking in Pipeline,Clipboard_20200422T141534","Clipboard_20200422T140528.xls,Clipboard_20200422T141802.xls,Clipboard_20200422T143021.xls,Clipboard_20200422T142147.xls,Clipboard_20200422T142453.xls,Clipboard_20200422T141534.xls","excel-direct,excel-direct,excel-direct,excel-direct,excel-direct,excel-direct"
Booking Sales and Pipeline,898e42c8-fe0f-4a0c-b340-245b53748849,Sheet 70,d980d272-f0cf-5744-ec76-0a16aedbe1eb,"107053e5-35f6-4fd5-255a-5685946cf4cb,1c47369f-7ee5-7e5a-58a3-b809c42cc9f2,53aa1f17-5e5f-7720-fbd6-43f3516147ee,70a1d22d-579c-78ca-47f6-4b3e4f410726,968d80ba-ecb6-5fa5-458a-2026175e6890,9f1db26c-cea2-db08-dab7-7c51ad977548","Clipboard_20200422T142453,Clipboard_20200422T142147,Clipboard_20200422T143021,Clipboard_20200422T141802,Booking in Pipeline,Clipboard_20200422T141534","Clipboard_20200422T140528.xls,Clipboard_20200422T141802.xls,Clipboard_20200422T143021.xls,Clipboard_20200422T142147.xls,Clipboard_20200422T142453.xls,Clipboard_20200422T141534.xls","excel-direct,excel-direct,excel-direct,excel-direct,excel-direct,excel-direct"
Geo Industry Risk,b87c4219-f8de-4b21-aa3a-371839950bfc,Sheet 34 (6),05278017-6726-c174-af9e-26a3161d9211,"3446a02f-2606-5c8d-60fd-222158720385,9cb6358c-cff1-8f7d-7af1-cb5f40d76dfb,a8990b49-2ae2-9df1-3d14-9da4b25a41f0","Industry Risk (risk_Tab),Sheet1 (5_11_20_Executive Dashboard_FTE Count vs Projected Risk (HC)),Sheet1 (19_05_2020 Industry Filter)","19_05_2020 Industry Filter.xlsx,risk_Tab v2.xlsx,5_11_20_Executive Dashboard_FTE Count vs Projected Risk (HC).xlsx","excel-direct,excel-direct,excel-direct"
Geo Industry Risk,b87c4219-f8de-4b21-aa3a-371839950bfc,Sheet 28 (3),36697aad-0e98-adab-4945-29660efad366,"3446a02f-2606-5c8d-60fd-222158720385,9cb6358c-cff1-8f7d-7af1-cb5f40d76dfb,a8990b49-2ae2-9df1-3d14-9da4b25a41f0","Industry Risk (risk_Tab),Sheet1 (5_11_20_Executive Dashboard_FTE Count vs Projected Risk (HC)),Sheet1 (19_05_2020 Industry Filter)","19_05_2020 Industry Filter.xlsx,risk_Tab v2.xlsx,5_11_20_Executive Dashboard_FTE Count vs Projected Risk (HC).xlsx","excel-direct,excel-direct,excel-direct"
Geo Industry Risk,b87c4219-f8de-4b21-aa3a-371839950bfc,Sheet 57,3bd31786-db8b-5a20-76d9-34e2f12ee673,"3446a02f-2606-5c8d-60fd-222158720385,9cb6358c-cff1-8f7d-7af1-cb5f40d76dfb,a8990b49-2ae2-9df1-3d14-9da4b25a41f0","Industry Risk (risk_Tab),Sheet1 (5_11_20_Executive Dashboard_FTE Count vs Projected Risk (HC)),Sheet1 (19_05_2020 Industry Filter)","19_05_2020 Industry Filter.xlsx,risk_Tab v2.xlsx,5_11_20_Executive Dashboard_FTE Count vs Projected Risk (HC).xlsx","excel-direct,excel-direct,excel-direct"
Geo Industry Risk,b87c4219-f8de-4b21-aa3a-371839950bfc,Sheet 62,40edff74-6a4a-92c7-9652-781be81d9df3,"3446a02f-2606-5c8d-60fd-222158720385,9cb6358c-cff1-8f7d-7af1-cb5f40d76dfb,a8990b49-2ae2-9df1-3d14-9da4b25a41f0","Industry Risk (risk_Tab),Sheet1 (5_11_20_Executive Dashboard_FTE Count vs Projected Risk (HC)),Sheet1 (19_05_2020 Industry Filter)","19_05_2020 Industry Filter.xlsx,risk_Tab v2.xlsx,5_11_20_Executive Dashboard_FTE Count vs Projected Risk (HC).xlsx","excel-direct,excel-direct,excel-direct"
Geo Industry Risk,b87c4219-f8de-4b21-aa3a-371839950bfc,Sheet 56,44fb5fe6-a113-c96e-28e4-94f189084c31,"3446a02f-2606-5c8d-60fd-222158720385,9cb6358c-cff1-8f7d-7af1-cb5f40d76dfb,a8990b49-2ae2-9df1-3d14-9da4b25a41f0","Industry Risk (risk_Tab),Sheet1 (5_11_20_Executive Dashboard_FTE Count vs Projected Risk (HC)),Sheet1 (19_05_2020 Industry Filter)","19_05_2020 Industry Filter.xlsx,risk_Tab v2.xlsx,5_11_20_Executive Dashboard_FTE Count vs Projected Risk (HC).xlsx","excel-direct,excel-direct,excel-direct"
Geo Industry Risk,b87c4219-f8de-4b21-aa3a-371839950bfc,MAP,e870fdeb-cf7a-3f1a-499f-53c1469835e7,"3446a02f-2606-5c8d-60fd-222158720385,9cb6358c-cff1-8f7d-7af1-cb5f40d76dfb,a8990b49-2ae2-9df1-3d14-9da4b25a41f0","Industry Risk (risk_Tab),Sheet1 (5_11_20_Executive Dashboard_FTE Count vs Projected Risk (HC)),Sheet1 (19_05_2020 Industry Filter)","19_05_2020 Industry Filter.xlsx,risk_Tab v2.xlsx,5_11_20_Executive Dashboard_FTE Count vs Projected Risk (HC).xlsx","excel-direct,excel-direct,excel-direct"
Geo Industry Risk,b87c4219-f8de-4b21-aa3a-371839950bfc,Sheet 58,ed390a58-eb8e-e58e-c961-d6359bd2a66b,"3446a02f-2606-5c8d-60fd-222158720385,9cb6358c-cff1-8f7d-7af1-cb5f40d76dfb,a8990b49-2ae2-9df1-3d14-9da4b25a41f0","Industry Risk (risk_Tab),Sheet1 (5_11_20_Executive Dashboard_FTE Count vs Projected Risk (HC)),Sheet1 (19_05_2020 Industry Filter)","19_05_2020 Industry Filter.xlsx,risk_Tab v2.xlsx,5_11_20_Executive Dashboard_FTE Count vs Projected Risk (HC).xlsx","excel-direct,excel-direct,excel-direct"
Car Track At Port,1c287bae-09c9-4512-9bd5-3d36fbbd2854,Sheet 9,0c635052-c3eb-d56a-93c5-dc1467909da3,"09067bb8-db70-1774-2e2d-32e3f6228f77,1e1f367f-b0cc-bfa6-81b2-ad4d65fd4513","Sheet1 (Glossary_Dummy) (2),map_data_inland_1 (Dummy)",Dummy.xlsx,excel-direct
Car Track At Port,1c287bae-09c9-4512-9bd5-3d36fbbd2854,Sheet 4,148576cc-7509-4fb5-f98f-fa7b3fe56378,"09067bb8-db70-1774-2e2d-32e3f6228f77,1e1f367f-b0cc-bfa6-81b2-ad4d65fd4513","Sheet1 (Glossary_Dummy) (2),map_data_inland_1 (Dummy)",Dummy.xlsx,excel-direct
Car Track At Port,1c287bae-09c9-4512-9bd5-3d36fbbd2854,Sheet 2,347f5930-e7dc-0ed9-96be-3fa26f36922e,"09067bb8-db70-1774-2e2d-32e3f6228f77,1e1f367f-b0cc-bfa6-81b2-ad4d65fd4513","Sheet1 (Glossary_Dummy) (2),map_data_inland_1 (Dummy)",Dummy.xlsx,excel-direct
Car Track At Port,1c287bae-09c9-4512-9bd5-3d36fbbd2854,Sheet 48,3be0b8e7-c0cb-ff63-e761-70875ed46441,"09067bb8-db70-1774-2e2d-32e3f6228f77,1e1f367f-b0cc-bfa6-81b2-ad4d65fd4513","Sheet1 (Glossary_Dummy) (2),map_data_inland_1 (Dummy)",Dummy.xlsx,excel-direct
Car Track At Port,1c287bae-09c9-4512-9bd5-3d36fbbd2854,Sheet 10,4bdcb3c6-b343-77f3-a6c4-99c4dafb56c5,"09067bb8-db70-1774-2e2d-32e3f6228f77,1e1f367f-b0cc-bfa6-81b2-ad4d65fd4513","Sheet1 (Glossary_Dummy) (2),map_data_inland_1 (Dummy)",Dummy.xlsx,excel-direct
Car Track At Port,1c287bae-09c9-4512-9bd5-3d36fbbd2854,Sheet 1,5345bf4c-760b-47a8-5633-937edb0559c5,"09067bb8-db70-1774-2e2d-32e3f6228f77,1e1f367f-b0cc-bfa6-81b2-ad4d65fd4513","Sheet1 (Glossary_Dummy) (2),map_data_inland_1 (Dummy)",Dummy.xlsx,excel-direct
Car Track At Port,1c287bae-09c9-4512-9bd5-3d36fbbd2854,Sheet 3,8103aab1-ec54-52f8-53a1-b898b245de2e,"09067bb8-db70-1774-2e2d-32e3f6228f77,1e1f367f-b0cc-bfa6-81b2-ad4d65fd4513","Sheet1 (Glossary_Dummy) (2),map_data_inland_1 (Dummy)",Dummy.xlsx,excel-direct
Car Track At Port,1c287bae-09c9-4512-9bd5-3d36fbbd2854,Sheet 42,851cac6b-685f-2eae-5d02-1cc98f2422d7,"09067bb8-db70-1774-2e2d-32e3f6228f77,1e1f367f-b0cc-bfa6-81b2-ad4d65fd4513","Sheet1 (Glossary_Dummy) (2),map_data_inland_1 (Dummy)",Dummy.xlsx,excel-direct
Car Track At Port,1c287bae-09c9-4512-9bd5-3d36fbbd2854,Sheet 27,8e7336b8-f86a-be9c-e9a9-90c93e266824,"09067bb8-db70-1774-2e2d-32e3f6228f77,1e1f367f-b0cc-bfa6-81b2-ad4d65fd4513","Sheet1 (Glossary_Dummy) (2),map_data_inland_1 (Dummy)",Dummy.xlsx,excel-direct
Car Track At Port,1c287bae-09c9-4512-9bd5-3d36fbbd2854,Sheet 17,8fc8f51e-1ba3-a506-cb6a-77e6f997144c,"09067bb8-db70-1774-2e2d-32e3f6228f77,1e1f367f-b0cc-bfa6-81b2-ad4d65fd4513","Sheet1 (Glossary_Dummy) (2),map_data_inland_1 (Dummy)",Dummy.xlsx,excel-direct
Car Track At Port,1c287bae-09c9-4512-9bd5-3d36fbbd2854,Sheet 21,96e64b7d-21ac-beb4-d05d-274c48d2c036,"09067bb8-db70-1774-2e2d-32e3f6228f77,1e1f367f-b0cc-bfa6-81b2-ad4d65fd4513","Sheet1 (Glossary_Dummy) (2),map_data_inland_1 (Dummy)",Dummy.xlsx,excel-direct
Car Track At Port,1c287bae-09c9-4512-9bd5-3d36fbbd2854,Sheet 28,ec7c9fd8-d2a0-a927-82f5-7ed12f9ea9ff,"09067bb8-db70-1774-2e2d-32e3f6228f77,1e1f367f-b0cc-bfa6-81b2-ad4d65fd4513","Sheet1 (Glossary_Dummy) (2),map_data_inland_1 (Dummy)",Dummy.xlsx,excel-direct
Car Track At Port,1c287bae-09c9-4512-9bd5-3d36fbbd2854,Sheet 49,f92479d5-4c21-9580-1284-0ea87a9a93ae,"09067bb8-db70-1774-2e2d-32e3f6228f77,1e1f367f-b0cc-bfa6-81b2-ad4d65fd4513","Sheet1 (Glossary_Dummy) (2),map_data_inland_1 (Dummy)",Dummy.xlsx,excel-direct
Car Track At Inland,7593a9fd-ce66-4253-92d1-b8027cb93a75,Sheet 9,0c635052-c3eb-d56a-93c5-dc1467909da3,"09067bb8-db70-1774-2e2d-32e3f6228f77,1e1f367f-b0cc-bfa6-81b2-ad4d65fd4513","Sheet1 (Glossary_Dummy) (2),map_data_inland_1 (Dummy)",Dummy.xlsx,excel-direct
Car Track At Inland,7593a9fd-ce66-4253-92d1-b8027cb93a75,Sheet 43,0e782823-1541-d5e8-b2e7-62d30ff3425e,"09067bb8-db70-1774-2e2d-32e3f6228f77,1e1f367f-b0cc-bfa6-81b2-ad4d65fd4513","Sheet1 (Glossary_Dummy) (2),map_data_inland_1 (Dummy)",Dummy.xlsx,excel-direct
Car Track At Inland,7593a9fd-ce66-4253-92d1-b8027cb93a75,Sheet 48,3be0b8e7-c0cb-ff63-e761-70875ed46441,"09067bb8-db70-1774-2e2d-32e3f6228f77,1e1f367f-b0cc-bfa6-81b2-ad4d65fd4513","Sheet1 (Glossary_Dummy) (2),map_data_inland_1 (Dummy)",Dummy.xlsx,excel-direct
Car Track At Inland,7593a9fd-ce66-4253-92d1-b8027cb93a75,Sheet 44,476ec2d0-aa72-8d0c-8bfa-a0ec7adcbab6,"09067bb8-db70-1774-2e2d-32e3f6228f77,1e1f367f-b0cc-bfa6-81b2-ad4d65fd4513","Sheet1 (Glossary_Dummy) (2),map_data_inland_1 (Dummy)",Dummy.xlsx,excel-direct
Car Track At Inland,7593a9fd-ce66-4253-92d1-b8027cb93a75,Sheet 10,4bdcb3c6-b343-77f3-a6c4-99c4dafb56c5,"09067bb8-db70-1774-2e2d-32e3f6228f77,1e1f367f-b0cc-bfa6-81b2-ad4d65fd4513","Sheet1 (Glossary_Dummy) (2),map_data_inland_1 (Dummy)",Dummy.xlsx,excel-direct
Car Track At Inland,7593a9fd-ce66-4253-92d1-b8027cb93a75,Sheet 1 (3),7e598512-e83c-ecf5-0c36-eeedcb315ba1,"09067bb8-db70-1774-2e2d-32e3f6228f77,1e1f367f-b0cc-bfa6-81b2-ad4d65fd4513","Sheet1 (Glossary_Dummy) (2),map_data_inland_1 (Dummy)",Dummy.xlsx,excel-direct
Car Track At Inland,7593a9fd-ce66-4253-92d1-b8027cb93a75,Sheet 27,8e7336b8-f86a-be9c-e9a9-90c93e266824,"09067bb8-db70-1774-2e2d-32e3f6228f77,1e1f367f-b0cc-bfa6-81b2-ad4d65fd4513","Sheet1 (Glossary_Dummy) (2),map_data_inland_1 (Dummy)",Dummy.xlsx,excel-direct
Car Track At Inland,7593a9fd-ce66-4253-92d1-b8027cb93a75,Sheet 17,8fc8f51e-1ba3-a506-cb6a-77e6f997144c,"09067bb8-db70-1774-2e2d-32e3f6228f77,1e1f367f-b0cc-bfa6-81b2-ad4d65fd4513","Sheet1 (Glossary_Dummy) (2),map_data_inland_1 (Dummy)",Dummy.xlsx,excel-direct
Car Track At Inland,7593a9fd-ce66-4253-92d1-b8027cb93a75,Sheet 21,96e64b7d-21ac-beb4-d05d-274c48d2c036,"09067bb8-db70-1774-2e2d-32e3f6228f77,1e1f367f-b0cc-bfa6-81b2-ad4d65fd4513","Sheet1 (Glossary_Dummy) (2),map_data_inland_1 (Dummy)",Dummy.xlsx,excel-direct
Car Track At Inland,7593a9fd-ce66-4253-92d1-b8027cb93a75,Sheet 3 (2),bea90bd0-bc4f-f140-d7fd-cb445dc127e0,"09067bb8-db70-1774-2e2d-32e3f6228f77,1e1f367f-b0cc-bfa6-81b2-ad4d65fd4513","Sheet1 (Glossary_Dummy) (2),map_data_inland_1 (Dummy)",Dummy.xlsx,excel-direct
Car Track At Inland,7593a9fd-ce66-4253-92d1-b8027cb93a75,Sheet 2 (3),dfacdda0-374c-7690-0961-9e5abe86ffd2,"09067bb8-db70-1774-2e2d-32e3f6228f77,1e1f367f-b0cc-bfa6-81b2-ad4d65fd4513","Sheet1 (Glossary_Dummy) (2),map_data_inland_1 (Dummy)",Dummy.xlsx,excel-direct
Car Track At Inland,7593a9fd-ce66-4253-92d1-b8027cb93a75,Sheet 28,ec7c9fd8-d2a0-a927-82f5-7ed12f9ea9ff,"09067bb8-db70-1774-2e2d-32e3f6228f77,1e1f367f-b0cc-bfa6-81b2-ad4d65fd4513","Sheet1 (Glossary_Dummy) (2),map_data_inland_1 (Dummy)",Dummy.xlsx,excel-direct
Car Track At Inland,7593a9fd-ce66-4253-92d1-b8027cb93a75,Sheet 49,f92479d5-4c21-9580-1284-0ea87a9a93ae,"09067bb8-db70-1774-2e2d-32e3f6228f77,1e1f367f-b0cc-bfa6-81b2-ad4d65fd4513","Sheet1 (Glossary_Dummy) (2),map_data_inland_1 (Dummy)",Dummy.xlsx,excel-direct
Mumbai Port_Demographic,eab01a97-3521-4f4b-b48a-06c976224efa,Sheet 17 (2),07411cdc-7fae-0366-86e5-bdf1fe5704d4,"09067bb8-db70-1774-2e2d-32e3f6228f77,1e1f367f-b0cc-bfa6-81b2-ad4d65fd4513,f09e3f45-b7ca-1689-9e12-23aeda14c87c","Sheet1 (Glossary_Dummy) (2),map_data_inland_1 (Dummy),Dummy_Mumbai (Dummy_MumbaiFinal) (2)","Dummy_MumbaiFinal.xlsx,Dummy.xlsx","excel-direct,excel-direct"
Mumbai Port_Demographic,eab01a97-3521-4f4b-b48a-06c976224efa,Sheet 9,0c635052-c3eb-d56a-93c5-dc1467909da3,"09067bb8-db70-1774-2e2d-32e3f6228f77,1e1f367f-b0cc-bfa6-81b2-ad4d65fd4513,f09e3f45-b7ca-1689-9e12-23aeda14c87c","Sheet1 (Glossary_Dummy) (2),map_data_inland_1 (Dummy),Dummy_Mumbai (Dummy_MumbaiFinal) (2)","Dummy_MumbaiFinal.xlsx,Dummy.xlsx","excel-direct,excel-direct"
Mumbai Port_Demographic,eab01a97-3521-4f4b-b48a-06c976224efa,Sheet 38,1f7daa9d-8477-5162-9344-d01d41eab002,"09067bb8-db70-1774-2e2d-32e3f6228f77,1e1f367f-b0cc-bfa6-81b2-ad4d65fd4513,f09e3f45-b7ca-1689-9e12-23aeda14c87c","Sheet1 (Glossary_Dummy) (2),map_data_inland_1 (Dummy),Dummy_Mumbai (Dummy_MumbaiFinal) (2)","Dummy_MumbaiFinal.xlsx,Dummy.xlsx","excel-direct,excel-direct"
Mumbai Port_Demographic,eab01a97-3521-4f4b-b48a-06c976224efa,Sheet 48,3be0b8e7-c0cb-ff63-e761-70875ed46441,"09067bb8-db70-1774-2e2d-32e3f6228f77,1e1f367f-b0cc-bfa6-81b2-ad4d65fd4513,f09e3f45-b7ca-1689-9e12-23aeda14c87c","Sheet1 (Glossary_Dummy) (2),map_data_inland_1 (Dummy),Dummy_Mumbai (Dummy_MumbaiFinal) (2)","Dummy_MumbaiFinal.xlsx,Dummy.xlsx","excel-direct,excel-direct"
Mumbai Port_Demographic,eab01a97-3521-4f4b-b48a-06c976224efa,Sheet 36,4bc253ec-2b6c-d929-ddc0-259a2043c1c9,"09067bb8-db70-1774-2e2d-32e3f6228f77,1e1f367f-b0cc-bfa6-81b2-ad4d65fd4513,f09e3f45-b7ca-1689-9e12-23aeda14c87c","Sheet1 (Glossary_Dummy) (2),map_data_inland_1 (Dummy),Dummy_Mumbai (Dummy_MumbaiFinal) (2)","Dummy_MumbaiFinal.xlsx,Dummy.xlsx","excel-direct,excel-direct"
Mumbai Port_Demographic,eab01a97-3521-4f4b-b48a-06c976224efa,Sheet 10,4bdcb3c6-b343-77f3-a6c4-99c4dafb56c5,"09067bb8-db70-1774-2e2d-32e3f6228f77,1e1f367f-b0cc-bfa6-81b2-ad4d65fd4513,f09e3f45-b7ca-1689-9e12-23aeda14c87c","Sheet1 (Glossary_Dummy) (2),map_data_inland_1 (Dummy),Dummy_Mumbai (Dummy_MumbaiFinal) (2)","Dummy_MumbaiFinal.xlsx,Dummy.xlsx","excel-direct,excel-direct"
Mumbai Port_Demographic,eab01a97-3521-4f4b-b48a-06c976224efa,Sheet 27,8e7336b8-f86a-be9c-e9a9-90c93e266824,"09067bb8-db70-1774-2e2d-32e3f6228f77,1e1f367f-b0cc-bfa6-81b2-ad4d65fd4513,f09e3f45-b7ca-1689-9e12-23aeda14c87c","Sheet1 (Glossary_Dummy) (2),map_data_inland_1 (Dummy),Dummy_Mumbai (Dummy_MumbaiFinal) (2)","Dummy_MumbaiFinal.xlsx,Dummy.xlsx","excel-direct,excel-direct"
Mumbai Port_Demographic,eab01a97-3521-4f4b-b48a-06c976224efa,Sheet 21,96e64b7d-21ac-beb4-d05d-274c48d2c036,"09067bb8-db70-1774-2e2d-32e3f6228f77,1e1f367f-b0cc-bfa6-81b2-ad4d65fd4513,f09e3f45-b7ca-1689-9e12-23aeda14c87c","Sheet1 (Glossary_Dummy) (2),map_data_inland_1 (Dummy),Dummy_Mumbai (Dummy_MumbaiFinal) (2)","Dummy_MumbaiFinal.xlsx,Dummy.xlsx","excel-direct,excel-direct"
Mumbai Port_Demographic,eab01a97-3521-4f4b-b48a-06c976224efa,Sheet 37,c8610041-6b45-9cdc-2245-8c31f3732a34,"09067bb8-db70-1774-2e2d-32e3f6228f77,1e1f367f-b0cc-bfa6-81b2-ad4d65fd4513,f09e3f45-b7ca-1689-9e12-23aeda14c87c","Sheet1 (Glossary_Dummy) (2),map_data_inland_1 (Dummy),Dummy_Mumbai (Dummy_MumbaiFinal) (2)","Dummy_MumbaiFinal.xlsx,Dummy.xlsx","excel-direct,excel-direct"
Mumbai Port_Demographic,eab01a97-3521-4f4b-b48a-06c976224efa,Sheet 28,ec7c9fd8-d2a0-a927-82f5-7ed12f9ea9ff,"09067bb8-db70-1774-2e2d-32e3f6228f77,1e1f367f-b0cc-bfa6-81b2-ad4d65fd4513,f09e3f45-b7ca-1689-9e12-23aeda14c87c","Sheet1 (Glossary_Dummy) (2),map_data_inland_1 (Dummy),Dummy_Mumbai (Dummy_MumbaiFinal) (2)","Dummy_MumbaiFinal.xlsx,Dummy.xlsx","excel-direct,excel-direct"
Mumbai Port_Demographic,eab01a97-3521-4f4b-b48a-06c976224efa,Sheet 49,f92479d5-4c21-9580-1284-0ea87a9a93ae,"09067bb8-db70-1774-2e2d-32e3f6228f77,1e1f367f-b0cc-bfa6-81b2-ad4d65fd4513,f09e3f45-b7ca-1689-9e12-23aeda14c87c","Sheet1 (Glossary_Dummy) (2),map_data_inland_1 (Dummy),Dummy_Mumbai (Dummy_MumbaiFinal) (2)","Dummy_MumbaiFinal.xlsx,Dummy.xlsx","excel-direct,excel-direct"
Chennai Port_Demographic,c52441d6-fd4d-410d-b6bc-548b054df85b,Sheet 17 (2),07411cdc-7fae-0366-86e5-bdf1fe5704d4,"09067bb8-db70-1774-2e2d-32e3f6228f77,1e1f367f-b0cc-bfa6-81b2-ad4d65fd4513,e8a71d3f-9fc7-3e38-ca29-c4df3c76f42e,f09e3f45-b7ca-1689-9e12-23aeda14c87c","Sheet1 (Glossary_Dummy) (2),map_data_inland_1 (Dummy),Dummy_ChennaiFinal (Dummy_ChennaiFinal),Dummy_Mumbai (Dummy_MumbaiFinal) (2)","Dummy_MumbaiFinal.xlsx,Dummy.xlsx,Dummy_ChennaiFinal.xlsx","excel-direct,excel-direct,excel-direct"
Chennai Port_Demographic,c52441d6-fd4d-410d-b6bc-548b054df85b,Sheet 9,0c635052-c3eb-d56a-93c5-dc1467909da3,"09067bb8-db70-1774-2e2d-32e3f6228f77,1e1f367f-b0cc-bfa6-81b2-ad4d65fd4513,e8a71d3f-9fc7-3e38-ca29-c4df3c76f42e,f09e3f45-b7ca-1689-9e12-23aeda14c87c","Sheet1 (Glossary_Dummy) (2),map_data_inland_1 (Dummy),Dummy_ChennaiFinal (Dummy_ChennaiFinal),Dummy_Mumbai (Dummy_MumbaiFinal) (2)","Dummy_MumbaiFinal.xlsx,Dummy.xlsx,Dummy_ChennaiFinal.xlsx","excel-direct,excel-direct,excel-direct"
Chennai Port_Demographic,c52441d6-fd4d-410d-b6bc-548b054df85b,Sheet 38,1f7daa9d-8477-5162-9344-d01d41eab002,"09067bb8-db70-1774-2e2d-32e3f6228f77,1e1f367f-b0cc-bfa6-81b2-ad4d65fd4513,e8a71d3f-9fc7-3e38-ca29-c4df3c76f42e,f09e3f45-b7ca-1689-9e12-23aeda14c87c","Sheet1 (Glossary_Dummy) (2),map_data_inland_1 (Dummy),Dummy_ChennaiFinal (Dummy_ChennaiFinal),Dummy_Mumbai (Dummy_MumbaiFinal) (2)","Dummy_MumbaiFinal.xlsx,Dummy.xlsx,Dummy_ChennaiFinal.xlsx","excel-direct,excel-direct,excel-direct"
Chennai Port_Demographic,c52441d6-fd4d-410d-b6bc-548b054df85b,Sheet 48,3be0b8e7-c0cb-ff63-e761-70875ed46441,"09067bb8-db70-1774-2e2d-32e3f6228f77,1e1f367f-b0cc-bfa6-81b2-ad4d65fd4513,e8a71d3f-9fc7-3e38-ca29-c4df3c76f42e,f09e3f45-b7ca-1689-9e12-23aeda14c87c","Sheet1 (Glossary_Dummy) (2),map_data_inland_1 (Dummy),Dummy_ChennaiFinal (Dummy_ChennaiFinal),Dummy_Mumbai (Dummy_MumbaiFinal) (2)","Dummy_MumbaiFinal.xlsx,Dummy.xlsx,Dummy_ChennaiFinal.xlsx","excel-direct,excel-direct,excel-direct"
Chennai Port_Demographic,c52441d6-fd4d-410d-b6bc-548b054df85b,Sheet 10,4bdcb3c6-b343-77f3-a6c4-99c4dafb56c5,"09067bb8-db70-1774-2e2d-32e3f6228f77,1e1f367f-b0cc-bfa6-81b2-ad4d65fd4513,e8a71d3f-9fc7-3e38-ca29-c4df3c76f42e,f09e3f45-b7ca-1689-9e12-23aeda14c87c","Sheet1 (Glossary_Dummy) (2),map_data_inland_1 (Dummy),Dummy_ChennaiFinal (Dummy_ChennaiFinal),Dummy_Mumbai (Dummy_MumbaiFinal) (2)","Dummy_MumbaiFinal.xlsx,Dummy.xlsx,Dummy_ChennaiFinal.xlsx","excel-direct,excel-direct,excel-direct"
Chennai Port_Demographic,c52441d6-fd4d-410d-b6bc-548b054df85b,Sheet 27,8e7336b8-f86a-be9c-e9a9-90c93e266824,"09067bb8-db70-1774-2e2d-32e3f6228f77,1e1f367f-b0cc-bfa6-81b2-ad4d65fd4513,e8a71d3f-9fc7-3e38-ca29-c4df3c76f42e,f09e3f45-b7ca-1689-9e12-23aeda14c87c","Sheet1 (Glossary_Dummy) (2),map_data_inland_1 (Dummy),Dummy_ChennaiFinal (Dummy_ChennaiFinal),Dummy_Mumbai (Dummy_MumbaiFinal) (2)","Dummy_MumbaiFinal.xlsx,Dummy.xlsx,Dummy_ChennaiFinal.xlsx","excel-direct,excel-direct,excel-direct"
Chennai Port_Demographic,c52441d6-fd4d-410d-b6bc-548b054df85b,Sheet 21,96e64b7d-21ac-beb4-d05d-274c48d2c036,"09067bb8-db70-1774-2e2d-32e3f6228f77,1e1f367f-b0cc-bfa6-81b2-ad4d65fd4513,e8a71d3f-9fc7-3e38-ca29-c4df3c76f42e,f09e3f45-b7ca-1689-9e12-23aeda14c87c","Sheet1 (Glossary_Dummy) (2),map_data_inland_1 (Dummy),Dummy_ChennaiFinal (Dummy_ChennaiFinal),Dummy_Mumbai (Dummy_MumbaiFinal) (2)","Dummy_MumbaiFinal.xlsx,Dummy.xlsx,Dummy_ChennaiFinal.xlsx","excel-direct,excel-direct,excel-direct"
Chennai Port_Demographic,c52441d6-fd4d-410d-b6bc-548b054df85b,Sheet 37,c8610041-6b45-9cdc-2245-8c31f3732a34,"09067bb8-db70-1774-2e2d-32e3f6228f77,1e1f367f-b0cc-bfa6-81b2-ad4d65fd4513,e8a71d3f-9fc7-3e38-ca29-c4df3c76f42e,f09e3f45-b7ca-1689-9e12-23aeda14c87c","Sheet1 (Glossary_Dummy) (2),map_data_inland_1 (Dummy),Dummy_ChennaiFinal (Dummy_ChennaiFinal),Dummy_Mumbai (Dummy_MumbaiFinal) (2)","Dummy_MumbaiFinal.xlsx,Dummy.xlsx,Dummy_ChennaiFinal.xlsx","excel-direct,excel-direct,excel-direct"
Chennai Port_Demographic,c52441d6-fd4d-410d-b6bc-548b054df85b,Sheet 39,d68cd984-0422-6dd5-f703-770b163ec668,"09067bb8-db70-1774-2e2d-32e3f6228f77,1e1f367f-b0cc-bfa6-81b2-ad4d65fd4513,e8a71d3f-9fc7-3e38-ca29-c4df3c76f42e,f09e3f45-b7ca-1689-9e12-23aeda14c87c","Sheet1 (Glossary_Dummy) (2),map_data_inland_1 (Dummy),Dummy_ChennaiFinal (Dummy_ChennaiFinal),Dummy_Mumbai (Dummy_MumbaiFinal) (2)","Dummy_MumbaiFinal.xlsx,Dummy.xlsx,Dummy_ChennaiFinal.xlsx","excel-direct,excel-direct,excel-direct"
Chennai Port_Demographic,c52441d6-fd4d-410d-b6bc-548b054df85b,Sheet 28,ec7c9fd8-d2a0-a927-82f5-7ed12f9ea9ff,"09067bb8-db70-1774-2e2d-32e3f6228f77,1e1f367f-b0cc-bfa6-81b2-ad4d65fd4513,e8a71d3f-9fc7-3e38-ca29-c4df3c76f42e,f09e3f45-b7ca-1689-9e12-23aeda14c87c","Sheet1 (Glossary_Dummy) (2),map_data_inland_1 (Dummy),Dummy_ChennaiFinal (Dummy_ChennaiFinal),Dummy_Mumbai (Dummy_MumbaiFinal) (2)","Dummy_MumbaiFinal.xlsx,Dummy.xlsx,Dummy_ChennaiFinal.xlsx","excel-direct,excel-direct,excel-direct"
Chennai Port_Demographic,c52441d6-fd4d-410d-b6bc-548b054df85b,Sheet 49,f92479d5-4c21-9580-1284-0ea87a9a93ae,"09067bb8-db70-1774-2e2d-32e3f6228f77,1e1f367f-b0cc-bfa6-81b2-ad4d65fd4513,e8a71d3f-9fc7-3e38-ca29-c4df3c76f42e,f09e3f45-b7ca-1689-9e12-23aeda14c87c","Sheet1 (Glossary_Dummy) (2),map_data_inland_1 (Dummy),Dummy_ChennaiFinal (Dummy_ChennaiFinal),Dummy_Mumbai (Dummy_MumbaiFinal) (2)","Dummy_MumbaiFinal.xlsx,Dummy.xlsx,Dummy_ChennaiFinal.xlsx","excel-direct,excel-direct,excel-direct"
Mumbai Port_Car,bc572ef1-3288-4d6c-b1d2-134478c1bb0f,Sheet 17 (2),07411cdc-7fae-0366-86e5-bdf1fe5704d4,"09067bb8-db70-1774-2e2d-32e3f6228f77,1e1f367f-b0cc-bfa6-81b2-ad4d65fd4513,f09e3f45-b7ca-1689-9e12-23aeda14c87c","Sheet1 (Glossary_Dummy) (2),map_data_inland_1 (Dummy),Dummy_Mumbai (Dummy_MumbaiFinal) (2)","Dummy_MumbaiFinal.xlsx,Dummy.xlsx","excel-direct,excel-direct"
Mumbai Port_Car,bc572ef1-3288-4d6c-b1d2-134478c1bb0f,Sheet 10 (2),10ae39f7-e281-5259-4ca4-0420e99476a4,"09067bb8-db70-1774-2e2d-32e3f6228f77,1e1f367f-b0cc-bfa6-81b2-ad4d65fd4513,f09e3f45-b7ca-1689-9e12-23aeda14c87c","Sheet1 (Glossary_Dummy) (2),map_data_inland_1 (Dummy),Dummy_Mumbai (Dummy_MumbaiFinal) (2)","Dummy_MumbaiFinal.xlsx,Dummy.xlsx","excel-direct,excel-direct"
Mumbai Port_Car,bc572ef1-3288-4d6c-b1d2-134478c1bb0f,Sheet 38,1f7daa9d-8477-5162-9344-d01d41eab002,"09067bb8-db70-1774-2e2d-32e3f6228f77,1e1f367f-b0cc-bfa6-81b2-ad4d65fd4513,f09e3f45-b7ca-1689-9e12-23aeda14c87c","Sheet1 (Glossary_Dummy) (2),map_data_inland_1 (Dummy),Dummy_Mumbai (Dummy_MumbaiFinal) (2)","Dummy_MumbaiFinal.xlsx,Dummy.xlsx","excel-direct,excel-direct"
Mumbai Port_Car,bc572ef1-3288-4d6c-b1d2-134478c1bb0f,Sheet 12 (2),3713717d-a07b-87aa-c9e3-ab49403bfbf1,"09067bb8-db70-1774-2e2d-32e3f6228f77,1e1f367f-b0cc-bfa6-81b2-ad4d65fd4513,f09e3f45-b7ca-1689-9e12-23aeda14c87c","Sheet1 (Glossary_Dummy) (2),map_data_inland_1 (Dummy),Dummy_Mumbai (Dummy_MumbaiFinal) (2)","Dummy_MumbaiFinal.xlsx,Dummy.xlsx","excel-direct,excel-direct"
Mumbai Port_Car,bc572ef1-3288-4d6c-b1d2-134478c1bb0f,Sheet 48,3be0b8e7-c0cb-ff63-e761-70875ed46441,"09067bb8-db70-1774-2e2d-32e3f6228f77,1e1f367f-b0cc-bfa6-81b2-ad4d65fd4513,f09e3f45-b7ca-1689-9e12-23aeda14c87c","Sheet1 (Glossary_Dummy) (2),map_data_inland_1 (Dummy),Dummy_Mumbai (Dummy_MumbaiFinal) (2)","Dummy_MumbaiFinal.xlsx,Dummy.xlsx","excel-direct,excel-direct"
Mumbai Port_Car,bc572ef1-3288-4d6c-b1d2-134478c1bb0f,Sheet 40,7dd68382-dcb9-c24c-422f-49941b2d7784,"09067bb8-db70-1774-2e2d-32e3f6228f77,1e1f367f-b0cc-bfa6-81b2-ad4d65fd4513,f09e3f45-b7ca-1689-9e12-23aeda14c87c","Sheet1 (Glossary_Dummy) (2),map_data_inland_1 (Dummy),Dummy_Mumbai (Dummy_MumbaiFinal) (2)","Dummy_MumbaiFinal.xlsx,Dummy.xlsx","excel-direct,excel-direct"
Mumbai Port_Car,bc572ef1-3288-4d6c-b1d2-134478c1bb0f,Sheet 27,8e7336b8-f86a-be9c-e9a9-90c93e266824,"09067bb8-db70-1774-2e2d-32e3f6228f77,1e1f367f-b0cc-bfa6-81b2-ad4d65fd4513,f09e3f45-b7ca-1689-9e12-23aeda14c87c","Sheet1 (Glossary_Dummy) (2),map_data_inland_1 (Dummy),Dummy_Mumbai (Dummy_MumbaiFinal) (2)","Dummy_MumbaiFinal.xlsx,Dummy.xlsx","excel-direct,excel-direct"
Mumbai Port_Car,bc572ef1-3288-4d6c-b1d2-134478c1bb0f,Sheet 21,96e64b7d-21ac-beb4-d05d-274c48d2c036,"09067bb8-db70-1774-2e2d-32e3f6228f77,1e1f367f-b0cc-bfa6-81b2-ad4d65fd4513,f09e3f45-b7ca-1689-9e12-23aeda14c87c","Sheet1 (Glossary_Dummy) (2),map_data_inland_1 (Dummy),Dummy_Mumbai (Dummy_MumbaiFinal) (2)","Dummy_MumbaiFinal.xlsx,Dummy.xlsx","excel-direct,excel-direct"
Mumbai Port_Car,bc572ef1-3288-4d6c-b1d2-134478c1bb0f,Sheet 37,c8610041-6b45-9cdc-2245-8c31f3732a34,"09067bb8-db70-1774-2e2d-32e3f6228f77,1e1f367f-b0cc-bfa6-81b2-ad4d65fd4513,f09e3f45-b7ca-1689-9e12-23aeda14c87c","Sheet1 (Glossary_Dummy) (2),map_data_inland_1 (Dummy),Dummy_Mumbai (Dummy_MumbaiFinal) (2)","Dummy_MumbaiFinal.xlsx,Dummy.xlsx","excel-direct,excel-direct"
Mumbai Port_Car,bc572ef1-3288-4d6c-b1d2-134478c1bb0f,Sheet 9 (2),cad62b97-1fb3-f39e-27da-16b1ceb90f93,"09067bb8-db70-1774-2e2d-32e3f6228f77,1e1f367f-b0cc-bfa6-81b2-ad4d65fd4513,f09e3f45-b7ca-1689-9e12-23aeda14c87c","Sheet1 (Glossary_Dummy) (2),map_data_inland_1 (Dummy),Dummy_Mumbai (Dummy_MumbaiFinal) (2)","Dummy_MumbaiFinal.xlsx,Dummy.xlsx","excel-direct,excel-direct"
Mumbai Port_Car,bc572ef1-3288-4d6c-b1d2-134478c1bb0f,Sheet 28,ec7c9fd8-d2a0-a927-82f5-7ed12f9ea9ff,"09067bb8-db70-1774-2e2d-32e3f6228f77,1e1f367f-b0cc-bfa6-81b2-ad4d65fd4513,f09e3f45-b7ca-1689-9e12-23aeda14c87c","Sheet1 (Glossary_Dummy) (2),map_data_inland_1 (Dummy),Dummy_Mumbai (Dummy_MumbaiFinal) (2)","Dummy_MumbaiFinal.xlsx,Dummy.xlsx","excel-direct,excel-direct"
Mumbai Port_Car,bc572ef1-3288-4d6c-b1d2-134478c1bb0f,Sheet 49,f92479d5-4c21-9580-1284-0ea87a9a93ae,"09067bb8-db70-1774-2e2d-32e3f6228f77,1e1f367f-b0cc-bfa6-81b2-ad4d65fd4513,f09e3f45-b7ca-1689-9e12-23aeda14c87c","Sheet1 (Glossary_Dummy) (2),map_data_inland_1 (Dummy),Dummy_Mumbai (Dummy_MumbaiFinal) (2)","Dummy_MumbaiFinal.xlsx,Dummy.xlsx","excel-direct,excel-direct"
Chennai Port_Car,31c28f01-8d9e-4b07-b9bd-140f3cac44bc,Sheet 17 (2),07411cdc-7fae-0366-86e5-bdf1fe5704d4,"09067bb8-db70-1774-2e2d-32e3f6228f77,1e1f367f-b0cc-bfa6-81b2-ad4d65fd4513,e8a71d3f-9fc7-3e38-ca29-c4df3c76f42e,f09e3f45-b7ca-1689-9e12-23aeda14c87c","Sheet1 (Glossary_Dummy) (2),map_data_inland_1 (Dummy),Dummy_ChennaiFinal (Dummy_ChennaiFinal),Dummy_Mumbai (Dummy_MumbaiFinal) (2)","Dummy_MumbaiFinal.xlsx,Dummy.xlsx,Dummy_ChennaiFinal.xlsx","excel-direct,excel-direct,excel-direct"
Chennai Port_Car,31c28f01-8d9e-4b07-b9bd-140f3cac44bc,Sheet 10 (2),10ae39f7-e281-5259-4ca4-0420e99476a4,"09067bb8-db70-1774-2e2d-32e3f6228f77,1e1f367f-b0cc-bfa6-81b2-ad4d65fd4513,e8a71d3f-9fc7-3e38-ca29-c4df3c76f42e,f09e3f45-b7ca-1689-9e12-23aeda14c87c","Sheet1 (Glossary_Dummy) (2),map_data_inland_1 (Dummy),Dummy_ChennaiFinal (Dummy_ChennaiFinal),Dummy_Mumbai (Dummy_MumbaiFinal) (2)","Dummy_MumbaiFinal.xlsx,Dummy.xlsx,Dummy_ChennaiFinal.xlsx","excel-direct,excel-direct,excel-direct"
Chennai Port_Car,31c28f01-8d9e-4b07-b9bd-140f3cac44bc,Sheet 41,13d26527-f3ce-6e77-b38b-0fbf679d68f3,"09067bb8-db70-1774-2e2d-32e3f6228f77,1e1f367f-b0cc-bfa6-81b2-ad4d65fd4513,e8a71d3f-9fc7-3e38-ca29-c4df3c76f42e,f09e3f45-b7ca-1689-9e12-23aeda14c87c","Sheet1 (Glossary_Dummy) (2),map_data_inland_1 (Dummy),Dummy_ChennaiFinal (Dummy_ChennaiFinal),Dummy_Mumbai (Dummy_MumbaiFinal) (2)","Dummy_MumbaiFinal.xlsx,Dummy.xlsx,Dummy_ChennaiFinal.xlsx","excel-direct,excel-direct,excel-direct"
Chennai Port_Car,31c28f01-8d9e-4b07-b9bd-140f3cac44bc,Sheet 38,1f7daa9d-8477-5162-9344-d01d41eab002,"09067bb8-db70-1774-2e2d-32e3f6228f77,1e1f367f-b0cc-bfa6-81b2-ad4d65fd4513,e8a71d3f-9fc7-3e38-ca29-c4df3c76f42e,f09e3f45-b7ca-1689-9e12-23aeda14c87c","Sheet1 (Glossary_Dummy) (2),map_data_inland_1 (Dummy),Dummy_ChennaiFinal (Dummy_ChennaiFinal),Dummy_Mumbai (Dummy_MumbaiFinal) (2)","Dummy_MumbaiFinal.xlsx,Dummy.xlsx,Dummy_ChennaiFinal.xlsx","excel-direct,excel-direct,excel-direct"
Chennai Port_Car,31c28f01-8d9e-4b07-b9bd-140f3cac44bc,Sheet 12 (2),3713717d-a07b-87aa-c9e3-ab49403bfbf1,"09067bb8-db70-1774-2e2d-32e3f6228f77,1e1f367f-b0cc-bfa6-81b2-ad4d65fd4513,e8a71d3f-9fc7-3e38-ca29-c4df3c76f42e,f09e3f45-b7ca-1689-9e12-23aeda14c87c","Sheet1 (Glossary_Dummy) (2),map_data_inland_1 (Dummy),Dummy_ChennaiFinal (Dummy_ChennaiFinal),Dummy_Mumbai (Dummy_MumbaiFinal) (2)","Dummy_MumbaiFinal.xlsx,Dummy.xlsx,Dummy_ChennaiFinal.xlsx","excel-direct,excel-direct,excel-direct"
Chennai Port_Car,31c28f01-8d9e-4b07-b9bd-140f3cac44bc,Sheet 48,3be0b8e7-c0cb-ff63-e761-70875ed46441,"09067bb8-db70-1774-2e2d-32e3f6228f77,1e1f367f-b0cc-bfa6-81b2-ad4d65fd4513,e8a71d3f-9fc7-3e38-ca29-c4df3c76f42e,f09e3f45-b7ca-1689-9e12-23aeda14c87c","Sheet1 (Glossary_Dummy) (2),map_data_inland_1 (Dummy),Dummy_ChennaiFinal (Dummy_ChennaiFinal),Dummy_Mumbai (Dummy_MumbaiFinal) (2)","Dummy_MumbaiFinal.xlsx,Dummy.xlsx,Dummy_ChennaiFinal.xlsx","excel-direct,excel-direct,excel-direct"
Chennai Port_Car,31c28f01-8d9e-4b07-b9bd-140f3cac44bc,Sheet 27,8e7336b8-f86a-be9c-e9a9-90c93e266824,"09067bb8-db70-1774-2e2d-32e3f6228f77,1e1f367f-b0cc-bfa6-81b2-ad4d65fd4513,e8a71d3f-9fc7-3e38-ca29-c4df3c76f42e,f09e3f45-b7ca-1689-9e12-23aeda14c87c","Sheet1 (Glossary_Dummy) (2),map_data_inland_1 (Dummy),Dummy_ChennaiFinal (Dummy_ChennaiFinal),Dummy_Mumbai (Dummy_MumbaiFinal) (2)","Dummy_MumbaiFinal.xlsx,Dummy.xlsx,Dummy_ChennaiFinal.xlsx","excel-direct,excel-direct,excel-direct"
Chennai Port_Car,31c28f01-8d9e-4b07-b9bd-140f3cac44bc,Sheet 21,96e64b7d-21ac-beb4-d05d-274c48d2c036,"09067bb8-db70-1774-2e2d-32e3f6228f77,1e1f367f-b0cc-bfa6-81b2-ad4d65fd4513,e8a71d3f-9fc7-3e38-ca29-c4df3c76f42e,f09e3f45-b7ca-1689-9e12-23aeda14c87c","Sheet1 (Glossary_Dummy) (2),map_data_inland_1 (Dummy),Dummy_ChennaiFinal (Dummy_ChennaiFinal),Dummy_Mumbai (Dummy_MumbaiFinal) (2)","Dummy_MumbaiFinal.xlsx,Dummy.xlsx,Dummy_ChennaiFinal.xlsx","excel-direct,excel-direct,excel-direct"
Chennai Port_Car,31c28f01-8d9e-4b07-b9bd-140f3cac44bc,Sheet 37,c8610041-6b45-9cdc-2245-8c31f3732a34,"09067bb8-db70-1774-2e2d-32e3f6228f77,1e1f367f-b0cc-bfa6-81b2-ad4d65fd4513,e8a71d3f-9fc7-3e38-ca29-c4df3c76f42e,f09e3f45-b7ca-1689-9e12-23aeda14c87c","Sheet1 (Glossary_Dummy) (2),map_data_inland_1 (Dummy),Dummy_ChennaiFinal (Dummy_ChennaiFinal),Dummy_Mumbai (Dummy_MumbaiFinal) (2)","Dummy_MumbaiFinal.xlsx,Dummy.xlsx,Dummy_ChennaiFinal.xlsx","excel-direct,excel-direct,excel-direct"
Chennai Port_Car,31c28f01-8d9e-4b07-b9bd-140f3cac44bc,Sheet 9 (2),cad62b97-1fb3-f39e-27da-16b1ceb90f93,"09067bb8-db70-1774-2e2d-32e3f6228f77,1e1f367f-b0cc-bfa6-81b2-ad4d65fd4513,e8a71d3f-9fc7-3e38-ca29-c4df3c76f42e,f09e3f45-b7ca-1689-9e12-23aeda14c87c","Sheet1 (Glossary_Dummy) (2),map_data_inland_1 (Dummy),Dummy_ChennaiFinal (Dummy_ChennaiFinal),Dummy_Mumbai (Dummy_MumbaiFinal) (2)","Dummy_MumbaiFinal.xlsx,Dummy.xlsx,Dummy_ChennaiFinal.xlsx","excel-direct,excel-direct,excel-direct"
Chennai Port_Car,31c28f01-8d9e-4b07-b9bd-140f3cac44bc,Sheet 28,ec7c9fd8-d2a0-a927-82f5-7ed12f9ea9ff,"09067bb8-db70-1774-2e2d-32e3f6228f77,1e1f367f-b0cc-bfa6-81b2-ad4d65fd4513,e8a71d3f-9fc7-3e38-ca29-c4df3c76f42e,f09e3f45-b7ca-1689-9e12-23aeda14c87c","Sheet1 (Glossary_Dummy) (2),map_data_inland_1 (Dummy),Dummy_ChennaiFinal (Dummy_ChennaiFinal),Dummy_Mumbai (Dummy_MumbaiFinal) (2)","Dummy_MumbaiFinal.xlsx,Dummy.xlsx,Dummy_ChennaiFinal.xlsx","excel-direct,excel-direct,excel-direct"
Chennai Port_Car,31c28f01-8d9e-4b07-b9bd-140f3cac44bc,Sheet 49,f92479d5-4c21-9580-1284-0ea87a9a93ae,"09067bb8-db70-1774-2e2d-32e3f6228f77,1e1f367f-b0cc-bfa6-81b2-ad4d65fd4513,e8a71d3f-9fc7-3e38-ca29-c4df3c76f42e,f09e3f45-b7ca-1689-9e12-23aeda14c87c","Sheet1 (Glossary_Dummy) (2),map_data_inland_1 (Dummy),Dummy_ChennaiFinal (Dummy_ChennaiFinal),Dummy_Mumbai (Dummy_MumbaiFinal) (2)","Dummy_MumbaiFinal.xlsx,Dummy.xlsx,Dummy_ChennaiFinal.xlsx","excel-direct,excel-direct,excel-direct"
Dealer Analysis,5e75578b-19d4-4cc4-b5c9-a30170c35be2,Sheet 18,0bf906b1-141a-44c5-1f29-5254b6c61782,"09067bb8-db70-1774-2e2d-32e3f6228f77,1e1f367f-b0cc-bfa6-81b2-ad4d65fd4513","Sheet1 (Glossary_Dummy) (2),map_data_inland_1 (Dummy)",Dummy.xlsx,excel-direct
Dealer Analysis,5e75578b-19d4-4cc4-b5c9-a30170c35be2,Sheet 9,0c635052-c3eb-d56a-93c5-dc1467909da3,"09067bb8-db70-1774-2e2d-32e3f6228f77,1e1f367f-b0cc-bfa6-81b2-ad4d65fd4513","Sheet1 (Glossary_Dummy) (2),map_data_inland_1 (Dummy)",Dummy.xlsx,excel-direct
Dealer Analysis,5e75578b-19d4-4cc4-b5c9-a30170c35be2,Sheet 13,14d7f627-a5b4-faba-fe33-8856eec583e2,"09067bb8-db70-1774-2e2d-32e3f6228f77,1e1f367f-b0cc-bfa6-81b2-ad4d65fd4513","Sheet1 (Glossary_Dummy) (2),map_data_inland_1 (Dummy)",Dummy.xlsx,excel-direct
Dealer Analysis,5e75578b-19d4-4cc4-b5c9-a30170c35be2,Sheet 7,216b9499-7c8c-d397-5b5a-a2a69d006865,"09067bb8-db70-1774-2e2d-32e3f6228f77,1e1f367f-b0cc-bfa6-81b2-ad4d65fd4513","Sheet1 (Glossary_Dummy) (2),map_data_inland_1 (Dummy)",Dummy.xlsx,excel-direct
Dealer Analysis,5e75578b-19d4-4cc4-b5c9-a30170c35be2,Sheet 48,3be0b8e7-c0cb-ff63-e761-70875ed46441,"09067bb8-db70-1774-2e2d-32e3f6228f77,1e1f367f-b0cc-bfa6-81b2-ad4d65fd4513","Sheet1 (Glossary_Dummy) (2),map_data_inland_1 (Dummy)",Dummy.xlsx,excel-direct
Dealer Analysis,5e75578b-19d4-4cc4-b5c9-a30170c35be2,Sheet 10,4bdcb3c6-b343-77f3-a6c4-99c4dafb56c5,"09067bb8-db70-1774-2e2d-32e3f6228f77,1e1f367f-b0cc-bfa6-81b2-ad4d65fd4513","Sheet1 (Glossary_Dummy) (2),map_data_inland_1 (Dummy)",Dummy.xlsx,excel-direct
Dealer Analysis,5e75578b-19d4-4cc4-b5c9-a30170c35be2,Sheet 8,558f16c4-9133-732f-dcf6-b3245c558ce5,"09067bb8-db70-1774-2e2d-32e3f6228f77,1e1f367f-b0cc-bfa6-81b2-ad4d65fd4513","Sheet1 (Glossary_Dummy) (2),map_data_inland_1 (Dummy)",Dummy.xlsx,excel-direct
Dealer Analysis,5e75578b-19d4-4cc4-b5c9-a30170c35be2,Sheet 6,6e074587-cfc5-7666-93bd-0f632fb0546e,"09067bb8-db70-1774-2e2d-32e3f6228f77,1e1f367f-b0cc-bfa6-81b2-ad4d65fd4513","Sheet1 (Glossary_Dummy) (2),map_data_inland_1 (Dummy)",Dummy.xlsx,excel-direct
Dealer Analysis,5e75578b-19d4-4cc4-b5c9-a30170c35be2,Sheet 15,6f5a97ca-0b5c-e608-5d3c-e115e4ac88c9,"09067bb8-db70-1774-2e2d-32e3f6228f77,1e1f367f-b0cc-bfa6-81b2-ad4d65fd4513","Sheet1 (Glossary_Dummy) (2),map_data_inland_1 (Dummy)",Dummy.xlsx,excel-direct
Dealer Analysis,5e75578b-19d4-4cc4-b5c9-a30170c35be2,Sheet 19,7b93f4f2-10f7-d7f8-5a90-bef12351efb1,"09067bb8-db70-1774-2e2d-32e3f6228f77,1e1f367f-b0cc-bfa6-81b2-ad4d65fd4513","Sheet1 (Glossary_Dummy) (2),map_data_inland_1 (Dummy)",Dummy.xlsx,excel-direct
Dealer Analysis,5e75578b-19d4-4cc4-b5c9-a30170c35be2,Sheet 27,8e7336b8-f86a-be9c-e9a9-90c93e266824,"09067bb8-db70-1774-2e2d-32e3f6228f77,1e1f367f-b0cc-bfa6-81b2-ad4d65fd4513","Sheet1 (Glossary_Dummy) (2),map_data_inland_1 (Dummy)",Dummy.xlsx,excel-direct
Dealer Analysis,5e75578b-19d4-4cc4-b5c9-a30170c35be2,Sheet 17,8fc8f51e-1ba3-a506-cb6a-77e6f997144c,"09067bb8-db70-1774-2e2d-32e3f6228f77,1e1f367f-b0cc-bfa6-81b2-ad4d65fd4513","Sheet1 (Glossary_Dummy) (2),map_data_inland_1 (Dummy)",Dummy.xlsx,excel-direct
Dealer Analysis,5e75578b-19d4-4cc4-b5c9-a30170c35be2,Sheet 21,96e64b7d-21ac-beb4-d05d-274c48d2c036,"09067bb8-db70-1774-2e2d-32e3f6228f77,1e1f367f-b0cc-bfa6-81b2-ad4d65fd4513","Sheet1 (Glossary_Dummy) (2),map_data_inland_1 (Dummy)",Dummy.xlsx,excel-direct
Dealer Analysis,5e75578b-19d4-4cc4-b5c9-a30170c35be2,Sheet 5,984e5227-25cd-64e3-a3e2-4f22439bb7d7,"09067bb8-db70-1774-2e2d-32e3f6228f77,1e1f367f-b0cc-bfa6-81b2-ad4d65fd4513","Sheet1 (Glossary_Dummy) (2),map_data_inland_1 (Dummy)",Dummy.xlsx,excel-direct
Dealer Analysis,5e75578b-19d4-4cc4-b5c9-a30170c35be2,Sheet 28,ec7c9fd8-d2a0-a927-82f5-7ed12f9ea9ff,"09067bb8-db70-1774-2e2d-32e3f6228f77,1e1f367f-b0cc-bfa6-81b2-ad4d65fd4513","Sheet1 (Glossary_Dummy) (2),map_data_inland_1 (Dummy)",Dummy.xlsx,excel-direct
Dealer Analysis,5e75578b-19d4-4cc4-b5c9-a30170c35be2,Sheet 16,f85ad514-147d-8129-13fb-d807dffb2eed,"09067bb8-db70-1774-2e2d-32e3f6228f77,1e1f367f-b0cc-bfa6-81b2-ad4d65fd4513","Sheet1 (Glossary_Dummy) (2),map_data_inland_1 (Dummy)",Dummy.xlsx,excel-direct
Dealer Analysis,5e75578b-19d4-4cc4-b5c9-a30170c35be2,Sheet 49,f92479d5-4c21-9580-1284-0ea87a9a93ae,"09067bb8-db70-1774-2e2d-32e3f6228f77,1e1f367f-b0cc-bfa6-81b2-ad4d65fd4513","Sheet1 (Glossary_Dummy) (2),map_data_inland_1 (Dummy)",Dummy.xlsx,excel-direct
City Level Analysis,f20b37f1-dc2c-4877-a201-3ca7cab58675,Sheet 9,0c635052-c3eb-d56a-93c5-dc1467909da3,"09067bb8-db70-1774-2e2d-32e3f6228f77,1e1f367f-b0cc-bfa6-81b2-ad4d65fd4513,ecd5cd67-b85e-2349-0c99-ad159f3ea20b","Sheet1 (Glossary_Dummy) (2),map_data_inland_1 (Dummy),MapDataDummy","Dummy.xlsx,MapDataDummy.csv","excel-direct,textscan"
City Level Analysis,f20b37f1-dc2c-4877-a201-3ca7cab58675,Sheet 48,3be0b8e7-c0cb-ff63-e761-70875ed46441,"09067bb8-db70-1774-2e2d-32e3f6228f77,1e1f367f-b0cc-bfa6-81b2-ad4d65fd4513,ecd5cd67-b85e-2349-0c99-ad159f3ea20b","Sheet1 (Glossary_Dummy) (2),map_data_inland_1 (Dummy),MapDataDummy","Dummy.xlsx,MapDataDummy.csv","excel-direct,textscan"
City Level Analysis,f20b37f1-dc2c-4877-a201-3ca7cab58675,Sheet 10,4bdcb3c6-b343-77f3-a6c4-99c4dafb56c5,"09067bb8-db70-1774-2e2d-32e3f6228f77,1e1f367f-b0cc-bfa6-81b2-ad4d65fd4513,ecd5cd67-b85e-2349-0c99-ad159f3ea20b","Sheet1 (Glossary_Dummy) (2),map_data_inland_1 (Dummy),MapDataDummy","Dummy.xlsx,MapDataDummy.csv","excel-direct,textscan"
City Level Analysis,f20b37f1-dc2c-4877-a201-3ca7cab58675,Sheet 27,8e7336b8-f86a-be9c-e9a9-90c93e266824,"09067bb8-db70-1774-2e2d-32e3f6228f77,1e1f367f-b0cc-bfa6-81b2-ad4d65fd4513,ecd5cd67-b85e-2349-0c99-ad159f3ea20b","Sheet1 (Glossary_Dummy) (2),map_data_inland_1 (Dummy),MapDataDummy","Dummy.xlsx,MapDataDummy.csv","excel-direct,textscan"
City Level Analysis,f20b37f1-dc2c-4877-a201-3ca7cab58675,Sheet 17,8fc8f51e-1ba3-a506-cb6a-77e6f997144c,"09067bb8-db70-1774-2e2d-32e3f6228f77,1e1f367f-b0cc-bfa6-81b2-ad4d65fd4513,ecd5cd67-b85e-2349-0c99-ad159f3ea20b","Sheet1 (Glossary_Dummy) (2),map_data_inland_1 (Dummy),MapDataDummy","Dummy.xlsx,MapDataDummy.csv","excel-direct,textscan"
City Level Analysis,f20b37f1-dc2c-4877-a201-3ca7cab58675,Sheet 21,96e64b7d-21ac-beb4-d05d-274c48d2c036,"09067bb8-db70-1774-2e2d-32e3f6228f77,1e1f367f-b0cc-bfa6-81b2-ad4d65fd4513,ecd5cd67-b85e-2349-0c99-ad159f3ea20b","Sheet1 (Glossary_Dummy) (2),map_data_inland_1 (Dummy),MapDataDummy","Dummy.xlsx,MapDataDummy.csv","excel-direct,textscan"
City Level Analysis,f20b37f1-dc2c-4877-a201-3ca7cab58675,Sheet 2 (2),b123f045-1c3d-cb19-d337-fad32d081c65,"09067bb8-db70-1774-2e2d-32e3f6228f77,1e1f367f-b0cc-bfa6-81b2-ad4d65fd4513,ecd5cd67-b85e-2349-0c99-ad159f3ea20b","Sheet1 (Glossary_Dummy) (2),map_data_inland_1 (Dummy),MapDataDummy","Dummy.xlsx,MapDataDummy.csv","excel-direct,textscan"
City Level Analysis,f20b37f1-dc2c-4877-a201-3ca7cab58675,Sheet 28,ec7c9fd8-d2a0-a927-82f5-7ed12f9ea9ff,"09067bb8-db70-1774-2e2d-32e3f6228f77,1e1f367f-b0cc-bfa6-81b2-ad4d65fd4513,ecd5cd67-b85e-2349-0c99-ad159f3ea20b","Sheet1 (Glossary_Dummy) (2),map_data_inland_1 (Dummy),MapDataDummy","Dummy.xlsx,MapDataDummy.csv","excel-direct,textscan"
City Level Analysis,f20b37f1-dc2c-4877-a201-3ca7cab58675,Sheet 49,f92479d5-4c21-9580-1284-0ea87a9a93ae,"09067bb8-db70-1774-2e2d-32e3f6228f77,1e1f367f-b0cc-bfa6-81b2-ad4d65fd4513,ecd5cd67-b85e-2349-0c99-ad159f3ea20b","Sheet1 (Glossary_Dummy) (2),map_data_inland_1 (Dummy),MapDataDummy","Dummy.xlsx,MapDataDummy.csv","excel-direct,textscan"
Glossary,101cebf1-9d29-42bf-a218-48b2dfcb6140,Sheet 9,0c635052-c3eb-d56a-93c5-dc1467909da3,"09067bb8-db70-1774-2e2d-32e3f6228f77,1e1f367f-b0cc-bfa6-81b2-ad4d65fd4513","Sheet1 (Glossary_Dummy) (2),map_data_inland_1 (Dummy)","Dummy.xlsx,Glossary_Dummy.xlsx","excel-direct,excel-direct"
Glossary,101cebf1-9d29-42bf-a218-48b2dfcb6140,Sheet 48,3be0b8e7-c0cb-ff63-e761-70875ed46441,"09067bb8-db70-1774-2e2d-32e3f6228f77,1e1f367f-b0cc-bfa6-81b2-ad4d65fd4513","Sheet1 (Glossary_Dummy) (2),map_data_inland_1 (Dummy)","Dummy.xlsx,Glossary_Dummy.xlsx","excel-direct,excel-direct"
Glossary,101cebf1-9d29-42bf-a218-48b2dfcb6140,Sheet 10,4bdcb3c6-b343-77f3-a6c4-99c4dafb56c5,"09067bb8-db70-1774-2e2d-32e3f6228f77,1e1f367f-b0cc-bfa6-81b2-ad4d65fd4513","Sheet1 (Glossary_Dummy) (2),map_data_inland_1 (Dummy)","Dummy.xlsx,Glossary_Dummy.xlsx","excel-direct,excel-direct"
Glossary,101cebf1-9d29-42bf-a218-48b2dfcb6140,Sheet 27,8e7336b8-f86a-be9c-e9a9-90c93e266824,"09067bb8-db70-1774-2e2d-32e3f6228f77,1e1f367f-b0cc-bfa6-81b2-ad4d65fd4513","Sheet1 (Glossary_Dummy) (2),map_data_inland_1 (Dummy)","Dummy.xlsx,Glossary_Dummy.xlsx","excel-direct,excel-direct"
Glossary,101cebf1-9d29-42bf-a218-48b2dfcb6140,Sheet 17,8fc8f51e-1ba3-a506-cb6a-77e6f997144c,"09067bb8-db70-1774-2e2d-32e3f6228f77,1e1f367f-b0cc-bfa6-81b2-ad4d65fd4513","Sheet1 (Glossary_Dummy) (2),map_data_inland_1 (Dummy)","Dummy.xlsx,Glossary_Dummy.xlsx","excel-direct,excel-direct"
Glossary,101cebf1-9d29-42bf-a218-48b2dfcb6140,Sheet 20,9d73206f-9579-157b-01b3-3447019725a9,"09067bb8-db70-1774-2e2d-32e3f6228f77,1e1f367f-b0cc-bfa6-81b2-ad4d65fd4513","Sheet1 (Glossary_Dummy) (2),map_data_inland_1 (Dummy)","Dummy.xlsx,Glossary_Dummy.xlsx","excel-direct,excel-direct"
Glossary,101cebf1-9d29-42bf-a218-48b2dfcb6140,Sheet 28,ec7c9fd8-d2a0-a927-82f5-7ed12f9ea9ff,"09067bb8-db70-1774-2e2d-32e3f6228f77,1e1f367f-b0cc-bfa6-81b2-ad4d65fd4513","Sheet1 (Glossary_Dummy) (2),map_data_inland_1 (Dummy)","Dummy.xlsx,Glossary_Dummy.xlsx","excel-direct,excel-direct"
Glossary,101cebf1-9d29-42bf-a218-48b2dfcb6140,Sheet 49,f92479d5-4c21-9580-1284-0ea87a9a93ae,"09067bb8-db70-1774-2e2d-32e3f6228f77,1e1f367f-b0cc-bfa6-81b2-ad4d65fd4513","Sheet1 (Glossary_Dummy) (2),map_data_inland_1 (Dummy)","Dummy.xlsx,Glossary_Dummy.xlsx","excel-direct,excel-direct"
