,Unnamed: 0,owner,project,tags,location,id,name,contentUrl,createdAt,updatedAt,sheetType,favoritesTotal,viewUrlName,usage_totalViewCount,workbook_name,workbook_id,wb_name
0,0,"{'fullName': '890 Demo User', 'id': '36eebeb5-be56-4cdc-a79c-d65c18ea2f8c', 'lastLogin': '2021-04-29T14:48:55Z', 'name': '890_User1', 'siteRole': 'Unlicensed'}","{'id': 'c02fb59d-885b-4055-bab8-3f1d2e5ac520', 'name': 'Default', 'description': 'The default project that was automatically created by Tableau.'}",{},"{'id': 'c02fb59d-885b-4055-bab8-3f1d2e5ac520', 'type': 'Project'}",6047b331-14cc-485b-a6a8-eeebdfd7f03a,Reach,CMO_Dashboard-WIP/sheets/Reach,2020-02-06T17:33:43Z,2020-02-08T08:47:24Z,dashboard,0,Reach,5,CMO_Dashboard-WIP,d7586af6-a1df-4f6e-8ccf-1399d76430e9,Default
1,1,"{'fullName': '890 Demo User', 'id': '36eebeb5-be56-4cdc-a79c-d65c18ea2f8c', 'lastLogin': '2021-04-29T14:48:55Z', 'name': '890_User1', 'siteRole': 'Unlicensed'}","{'id': 'c02fb59d-885b-4055-bab8-3f1d2e5ac520', 'name': 'Default', 'description': 'The default project that was automatically created by Tableau.'}",{},"{'id': 'c02fb59d-885b-4055-bab8-3f1d2e5ac520', 'type': 'Project'}",c61b802a-8a5d-49fe-a6f9-91eb6e4ceea3,Promotion Effect,CMO_Dashboard-WIP/sheets/PromotionEffect,2020-02-06T17:33:43Z,2020-02-08T08:47:24Z,dashboard,0,PromotionEffect,0,CMO_Dashboard-WIP,d7586af6-a1df-4f6e-8ccf-1399d76430e9,Default
2,2,"{'fullName': '890 Demo User', 'id': '36eebeb5-be56-4cdc-a79c-d65c18ea2f8c', 'lastLogin': '2021-04-29T14:48:55Z', 'name': '890_User1', 'siteRole': 'Unlicensed'}","{'id': 'c02fb59d-885b-4055-bab8-3f1d2e5ac520', 'name': 'Default', 'description': 'The default project that was automatically created by Tableau.'}",{},"{'id': 'c02fb59d-885b-4055-bab8-3f1d2e5ac520', 'type': 'Project'}",608163b1-d010-4514-9277-f693d8c64b26,Conversion,CMO_Dashboard-WIP/sheets/Conversion,2020-02-06T17:33:43Z,2020-02-08T08:47:24Z,dashboard,0,Conversion,1,CMO_Dashboard-WIP,d7586af6-a1df-4f6e-8ccf-1399d76430e9,Default
3,3,"{'fullName': '890 Demo User', 'id': '36eebeb5-be56-4cdc-a79c-d65c18ea2f8c', 'lastLogin': '2021-04-29T14:48:55Z', 'name': '890_User1', 'siteRole': 'Unlicensed'}","{'id': 'c02fb59d-885b-4055-bab8-3f1d2e5ac520', 'name': 'Default', 'description': 'The default project that was automatically created by Tableau.'}",{},"{'id': 'c02fb59d-885b-4055-bab8-3f1d2e5ac520', 'type': 'Project'}",25d485af-bfc4-4451-9fbb-661888b37ff7,Dashboard 1,CMO_Dashboard/sheets/Dashboard1,2020-02-08T08:45:16Z,2020-02-08T08:49:59Z,dashboard,0,Dashboard1,19,CMO_Dashboard,c4027ef4-71d0-4f5e-a495-959cacc0c689,Default
4,4,"{'fullName': '890 Demo User', 'id': '36eebeb5-be56-4cdc-a79c-d65c18ea2f8c', 'lastLogin': '2021-04-29T14:48:55Z', 'name': '890_User1', 'siteRole': 'Unlicensed'}","{'id': 'c02fb59d-885b-4055-bab8-3f1d2e5ac520', 'name': 'Default', 'description': 'The default project that was automatically created by Tableau.'}",{},"{'id': 'c02fb59d-885b-4055-bab8-3f1d2e5ac520', 'type': 'Project'}",cbcc0b15-9c83-40a6-aea0-6768593ad506,Reach,CMO_Dashboard/sheets/Reach,2020-02-08T08:45:16Z,2020-02-08T08:49:59Z,dashboard,0,Reach,15,CMO_Dashboard,c4027ef4-71d0-4f5e-a495-959cacc0c689,Default
5,5,"{'fullName': '890 Demo User', 'id': '36eebeb5-be56-4cdc-a79c-d65c18ea2f8c', 'lastLogin': '2021-04-29T14:48:55Z', 'name': '890_User1', 'siteRole': 'Unlicensed'}","{'id': 'c02fb59d-885b-4055-bab8-3f1d2e5ac520', 'name': 'Default', 'description': 'The default project that was automatically created by Tableau.'}",{},"{'id': 'c02fb59d-885b-4055-bab8-3f1d2e5ac520', 'type': 'Project'}",2d15e4db-ea02-46ea-ae1c-4b23f43cc890,Promotion Effect,CMO_Dashboard/sheets/PromotionEffect,2020-02-08T08:45:16Z,2020-02-08T08:49:59Z,dashboard,0,PromotionEffect,10,CMO_Dashboard,c4027ef4-71d0-4f5e-a495-959cacc0c689,Default
6,6,"{'fullName': '890 Demo User', 'id': '36eebeb5-be56-4cdc-a79c-d65c18ea2f8c', 'lastLogin': '2021-04-29T14:48:55Z', 'name': '890_User1', 'siteRole': 'Unlicensed'}","{'id': 'c02fb59d-885b-4055-bab8-3f1d2e5ac520', 'name': 'Default', 'description': 'The default project that was automatically created by Tableau.'}",{},"{'id': 'c02fb59d-885b-4055-bab8-3f1d2e5ac520', 'type': 'Project'}",a31a6cc1-104f-4351-bd1a-df62814990b1,Conversion,CMO_Dashboard/sheets/Conversion,2020-02-08T08:45:16Z,2020-02-08T08:49:59Z,dashboard,0,Conversion,8,CMO_Dashboard,c4027ef4-71d0-4f5e-a495-959cacc0c689,Default
7,7,"{'fullName': '890 Demo User', 'id': '36eebeb5-be56-4cdc-a79c-d65c18ea2f8c', 'lastLogin': '2021-04-29T14:48:55Z', 'name': '890_User1', 'siteRole': 'Unlicensed'}","{'id': 'c02fb59d-885b-4055-bab8-3f1d2e5ac520', 'name': 'Default', 'description': 'The default project that was automatically created by Tableau.'}",{},"{'id': 'c02fb59d-885b-4055-bab8-3f1d2e5ac520', 'type': 'Project'}",8cbc3450-ad21-461e-802e-ac82bfac5126,Content,CMO_Dashboard/sheets/Content,2020-02-08T08:45:16Z,2020-02-08T08:49:59Z,dashboard,0,Content,7,CMO_Dashboard,c4027ef4-71d0-4f5e-a495-959cacc0c689,Default
8,8,"{'fullName': '890 Demo User', 'id': '36eebeb5-be56-4cdc-a79c-d65c18ea2f8c', 'lastLogin': '2021-04-29T14:48:55Z', 'name': '890_User1', 'siteRole': 'Unlicensed'}","{'id': 'c02fb59d-885b-4055-bab8-3f1d2e5ac520', 'name': 'Default', 'description': 'The default project that was automatically created by Tableau.'}",{},"{'id': 'c02fb59d-885b-4055-bab8-3f1d2e5ac520', 'type': 'Project'}",db5141d1-6d0d-4e6b-88cb-0b4af20be461,Cycle Times on Insurance Claim,ConsolidatedCookbook/sheets/CycleTimesonInsuranceClaim,2020-02-13T11:03:50Z,2020-02-13T11:03:50Z,view,0,CycleTimesonInsuranceClaim,1,Consolidated Cookbook,1e926ea4-d173-417f-9881-e1e78c94be30,Default
9,9,"{'fullName': '890 Demo User', 'id': '36eebeb5-be56-4cdc-a79c-d65c18ea2f8c', 'lastLogin': '2021-04-29T14:48:55Z', 'name': '890_User1', 'siteRole': 'Unlicensed'}","{'id': 'c02fb59d-885b-4055-bab8-3f1d2e5ac520', 'name': 'Default', 'description': 'The default project that was automatically created by Tableau.'}",{},"{'id': 'c02fb59d-885b-4055-bab8-3f1d2e5ac520', 'type': 'Project'}",a28720b9-b2af-42ef-9c7d-a98cd9d1f129,Rural/Urban Distribution (2019),ConsolidatedCookbook/sheets/RuralUrbanDistribution2019,2020-02-13T11:03:50Z,2020-02-13T11:03:50Z,view,0,RuralUrbanDistribution2019,0,Consolidated Cookbook,1e926ea4-d173-417f-9881-e1e78c94be30,Default
10,10,"{'fullName': '890 Demo User', 'id': '36eebeb5-be56-4cdc-a79c-d65c18ea2f8c', 'lastLogin': '2021-04-29T14:48:55Z', 'name': '890_User1', 'siteRole': 'Unlicensed'}","{'id': 'c02fb59d-885b-4055-bab8-3f1d2e5ac520', 'name': 'Default', 'description': 'The default project that was automatically created by Tableau.'}",{},"{'id': 'c02fb59d-885b-4055-bab8-3f1d2e5ac520', 'type': 'Project'}",f8af3d3c-78b0-46c3-9b40-c04f1e795e1b,Promoters vs Detractors (2019),ConsolidatedCookbook/sheets/PromotersvsDetractors2019,2020-02-13T11:03:50Z,2020-02-13T11:03:50Z,view,0,PromotersvsDetractors2019,0,Consolidated Cookbook,1e926ea4-d173-417f-9881-e1e78c94be30,Default
11,11,"{'fullName': '890 Demo User', 'id': '36eebeb5-be56-4cdc-a79c-d65c18ea2f8c', 'lastLogin': '2021-04-29T14:48:55Z', 'name': '890_User1', 'siteRole': 'Unlicensed'}","{'id': 'c02fb59d-885b-4055-bab8-3f1d2e5ac520', 'name': 'Default', 'description': 'The default project that was automatically created by Tableau.'}",{},"{'id': 'c02fb59d-885b-4055-bab8-3f1d2e5ac520', 'type': 'Project'}",a346912d-bc24-4ecb-aa0b-c586f23a2a30,Y-o-Y CSAT Comparison,ConsolidatedCookbook/sheets/Y-o-YCSATComparison,2020-02-13T11:03:50Z,2020-02-13T11:03:50Z,view,0,Y-o-YCSATComparison,1,Consolidated Cookbook,1e926ea4-d173-417f-9881-e1e78c94be30,Default
12,12,"{'fullName': '890 Demo User', 'id': '36eebeb5-be56-4cdc-a79c-d65c18ea2f8c', 'lastLogin': '2021-04-29T14:48:55Z', 'name': '890_User1', 'siteRole': 'Unlicensed'}","{'id': 'c02fb59d-885b-4055-bab8-3f1d2e5ac520', 'name': 'Default', 'description': 'The default project that was automatically created by Tableau.'}",{},"{'id': 'c02fb59d-885b-4055-bab8-3f1d2e5ac520', 'type': 'Project'}",0ea29310-98f5-43f8-b2ee-9bff116e49cb,Y-o-Y NPS Comparison,ConsolidatedCookbook/sheets/Y-o-YNPSComparison,2020-02-13T11:03:50Z,2020-02-13T11:03:50Z,view,0,Y-o-YNPSComparison,0,Consolidated Cookbook,1e926ea4-d173-417f-9881-e1e78c94be30,Default
13,13,"{'fullName': '890 Demo User', 'id': '36eebeb5-be56-4cdc-a79c-d65c18ea2f8c', 'lastLogin': '2021-04-29T14:48:55Z', 'name': '890_User1', 'siteRole': 'Unlicensed'}","{'id': 'c02fb59d-885b-4055-bab8-3f1d2e5ac520', 'name': 'Default', 'description': 'The default project that was automatically created by Tableau.'}",{},"{'id': 'c02fb59d-885b-4055-bab8-3f1d2e5ac520', 'type': 'Project'}",4c29991b-0b11-4243-8a1b-650f52e236d5,Comparison of People Metrics,ConsolidatedCookbook/sheets/ComparisonofPeopleMetrics,2020-02-13T11:03:50Z,2020-02-13T11:03:50Z,dashboard,0,ComparisonofPeopleMetrics,1,Consolidated Cookbook,1e926ea4-d173-417f-9881-e1e78c94be30,Default
14,14,"{'fullName': '890 Demo User', 'id': '36eebeb5-be56-4cdc-a79c-d65c18ea2f8c', 'lastLogin': '2021-04-29T14:48:55Z', 'name': '890_User1', 'siteRole': 'Unlicensed'}","{'id': 'c02fb59d-885b-4055-bab8-3f1d2e5ac520', 'name': 'Default', 'description': 'The default project that was automatically created by Tableau.'}",{},"{'id': 'c02fb59d-885b-4055-bab8-3f1d2e5ac520', 'type': 'Project'}",4ef33985-376a-4be4-934b-b76cba6c6f5c,Ratio Comparison,ConsolidatedCookbook/sheets/RatioComparison,2020-02-13T11:03:50Z,2020-02-13T11:03:50Z,view,0,RatioComparison,1,Consolidated Cookbook,1e926ea4-d173-417f-9881-e1e78c94be30,Default
15,15,"{'fullName': '890 Demo User', 'id': '36eebeb5-be56-4cdc-a79c-d65c18ea2f8c', 'lastLogin': '2021-04-29T14:48:55Z', 'name': '890_User1', 'siteRole': 'Unlicensed'}","{'id': 'c02fb59d-885b-4055-bab8-3f1d2e5ac520', 'name': 'Default', 'description': 'The default project that was automatically created by Tableau.'}",{},"{'id': 'c02fb59d-885b-4055-bab8-3f1d2e5ac520', 'type': 'Project'}",2aa1661d-6f16-43fc-892d-cd601098cfb7,Premium Earned,ConsolidatedCookbook/sheets/PremiumEarned,2020-02-13T11:03:50Z,2020-02-13T11:03:50Z,view,0,PremiumEarned,2,Consolidated Cookbook,1e926ea4-d173-417f-9881-e1e78c94be30,Default
16,16,"{'fullName': '890 Demo User', 'id': '36eebeb5-be56-4cdc-a79c-d65c18ea2f8c', 'lastLogin': '2021-04-29T14:48:55Z', 'name': '890_User1', 'siteRole': 'Unlicensed'}","{'id': 'c02fb59d-885b-4055-bab8-3f1d2e5ac520', 'name': 'Default', 'description': 'The default project that was automatically created by Tableau.'}",{},"{'id': 'c02fb59d-885b-4055-bab8-3f1d2e5ac520', 'type': 'Project'}",f7bf42db-190c-496c-813e-1e4ad99d7512,Investment Income,ConsolidatedCookbook/sheets/InvestmentIncome,2020-02-13T11:03:50Z,2020-02-13T11:03:50Z,view,0,InvestmentIncome,0,Consolidated Cookbook,1e926ea4-d173-417f-9881-e1e78c94be30,Default
17,17,"{'fullName': '890 Demo User', 'id': '36eebeb5-be56-4cdc-a79c-d65c18ea2f8c', 'lastLogin': '2021-04-29T14:48:55Z', 'name': '890_User1', 'siteRole': 'Unlicensed'}","{'id': 'c02fb59d-885b-4055-bab8-3f1d2e5ac520', 'name': 'Default', 'description': 'The default project that was automatically created by Tableau.'}",{},"{'id': 'c02fb59d-885b-4055-bab8-3f1d2e5ac520', 'type': 'Project'}",3baf7345-3557-47e8-8d70-47fcb3232eeb,Operating Cost,ConsolidatedCookbook/sheets/OperatingCost,2020-02-13T11:03:50Z,2020-02-13T11:03:50Z,view,0,OperatingCost,0,Consolidated Cookbook,1e926ea4-d173-417f-9881-e1e78c94be30,Default
18,18,"{'fullName': '890 Demo User', 'id': '36eebeb5-be56-4cdc-a79c-d65c18ea2f8c', 'lastLogin': '2021-04-29T14:48:55Z', 'name': '890_User1', 'siteRole': 'Unlicensed'}","{'id': 'c02fb59d-885b-4055-bab8-3f1d2e5ac520', 'name': 'Default', 'description': 'The default project that was automatically created by Tableau.'}",{},"{'id': 'c02fb59d-885b-4055-bab8-3f1d2e5ac520', 'type': 'Project'}",e0bd6350-3f42-4f34-ae69-e92dfabe3c9f,Claims Loss,ConsolidatedCookbook/sheets/ClaimsLoss,2020-02-13T11:03:50Z,2020-02-13T11:03:50Z,view,0,ClaimsLoss,0,Consolidated Cookbook,1e926ea4-d173-417f-9881-e1e78c94be30,Default
19,19,"{'fullName': '890 Demo User', 'id': '36eebeb5-be56-4cdc-a79c-d65c18ea2f8c', 'lastLogin': '2021-04-29T14:48:55Z', 'name': '890_User1', 'siteRole': 'Unlicensed'}","{'id': 'c02fb59d-885b-4055-bab8-3f1d2e5ac520', 'name': 'Default', 'description': 'The default project that was automatically created by Tableau.'}",{},"{'id': 'c02fb59d-885b-4055-bab8-3f1d2e5ac520', 'type': 'Project'}",5d38c90c-4584-4180-a0e0-0909c1d3e9b5,Fee Income,ConsolidatedCookbook/sheets/FeeIncome,2020-02-13T11:03:50Z,2020-02-13T11:03:50Z,view,0,FeeIncome,0,Consolidated Cookbook,1e926ea4-d173-417f-9881-e1e78c94be30,Default
20,20,"{'fullName': '890 Demo User', 'id': '36eebeb5-be56-4cdc-a79c-d65c18ea2f8c', 'lastLogin': '2021-04-29T14:48:55Z', 'name': '890_User1', 'siteRole': 'Unlicensed'}","{'id': 'c02fb59d-885b-4055-bab8-3f1d2e5ac520', 'name': 'Default', 'description': 'The default project that was automatically created by Tableau.'}",{},"{'id': 'c02fb59d-885b-4055-bab8-3f1d2e5ac520', 'type': 'Project'}",f797e321-0add-494e-9276-c1e4ef0cfaf5,Capital Gains,ConsolidatedCookbook/sheets/CapitalGains,2020-02-13T11:03:50Z,2020-02-13T11:03:50Z,view,0,CapitalGains,2,Consolidated Cookbook,1e926ea4-d173-417f-9881-e1e78c94be30,Default
21,21,"{'fullName': '890 Demo User', 'id': '36eebeb5-be56-4cdc-a79c-d65c18ea2f8c', 'lastLogin': '2021-04-29T14:48:55Z', 'name': '890_User1', 'siteRole': 'Unlicensed'}","{'id': 'c02fb59d-885b-4055-bab8-3f1d2e5ac520', 'name': 'Default', 'description': 'The default project that was automatically created by Tableau.'}",{},"{'id': 'c02fb59d-885b-4055-bab8-3f1d2e5ac520', 'type': 'Project'}",b455bb48-f508-4932-a4b3-8fe2f9fbf1eb,Total Revenue,ConsolidatedCookbook/sheets/TotalRevenue,2020-02-13T11:03:50Z,2020-02-13T11:03:50Z,view,0,TotalRevenue,0,Consolidated Cookbook,1e926ea4-d173-417f-9881-e1e78c94be30,Default
22,22,"{'fullName': '890 Demo User', 'id': '36eebeb5-be56-4cdc-a79c-d65c18ea2f8c', 'lastLogin': '2021-04-29T14:48:55Z', 'name': '890_User1', 'siteRole': 'Unlicensed'}","{'id': 'c02fb59d-885b-4055-bab8-3f1d2e5ac520', 'name': 'Default', 'description': 'The default project that was automatically created by Tableau.'}",{},"{'id': 'c02fb59d-885b-4055-bab8-3f1d2e5ac520', 'type': 'Project'}",2d0e3014-b2e0-4d3c-a07e-a0f2cb3a2b59,Comparison of Financial Metrics,ConsolidatedCookbook/sheets/ComparisonofFinancialMetrics,2020-02-13T11:03:50Z,2020-02-13T11:03:50Z,dashboard,0,ComparisonofFinancialMetrics,12,Consolidated Cookbook,1e926ea4-d173-417f-9881-e1e78c94be30,Default
23,23,"{'fullName': '890 Demo User', 'id': '36eebeb5-be56-4cdc-a79c-d65c18ea2f8c', 'lastLogin': '2021-04-29T14:48:55Z', 'name': '890_User1', 'siteRole': 'Unlicensed'}","{'id': 'c9e37957-f768-49b0-b7d0-80827cf230bf', 'name': 'HealthCare Fraud Analytics', 'description': ''}",{},"{'id': 'c9e37957-f768-49b0-b7d0-80827cf230bf', 'type': 'Project'}",1f72d65f-4166-44ae-907f-bb783a1531a1,Overview,Healthcare-Fraud-Detection/sheets/Overview,2020-02-14T06:25:49Z,2020-02-14T07:59:48Z,dashboard,0,Overview,113,Healthcare-Fraud-Detection,0f86976a-79da-4f20-8642-7d118200d5c5,HealthCare Fraud Analytics
24,24,"{'fullName': '890 Demo User', 'id': '36eebeb5-be56-4cdc-a79c-d65c18ea2f8c', 'lastLogin': '2021-04-29T14:48:55Z', 'name': '890_User1', 'siteRole': 'Unlicensed'}","{'id': 'c9e37957-f768-49b0-b7d0-80827cf230bf', 'name': 'HealthCare Fraud Analytics', 'description': ''}",{},"{'id': 'c9e37957-f768-49b0-b7d0-80827cf230bf', 'type': 'Project'}",5111ec49-5d6e-4102-ba0a-4bdd2d4bd101,Digital Healthcare Ecosystem,Healthcare-Fraud-Detection/sheets/DigitalHealthcareEcosystem,2020-02-14T06:25:49Z,2020-02-14T07:59:48Z,dashboard,0,DigitalHealthcareEcosystem,123,Healthcare-Fraud-Detection,0f86976a-79da-4f20-8642-7d118200d5c5,HealthCare Fraud Analytics
25,25,"{'fullName': '890 Demo User', 'id': '36eebeb5-be56-4cdc-a79c-d65c18ea2f8c', 'lastLogin': '2021-04-29T14:48:55Z', 'name': '890_User1', 'siteRole': 'Unlicensed'}","{'id': 'c9e37957-f768-49b0-b7d0-80827cf230bf', 'name': 'HealthCare Fraud Analytics', 'description': ''}",{},"{'id': 'c9e37957-f768-49b0-b7d0-80827cf230bf', 'type': 'Project'}",c86451f1-daf8-4fdd-b19b-5b11bf7c036f,Healthcare Insights from Data,Healthcare-Fraud-Detection/sheets/HealthcareInsightsfromData,2020-02-14T06:25:49Z,2020-02-14T07:59:48Z,dashboard,0,HealthcareInsightsfromData,119,Healthcare-Fraud-Detection,0f86976a-79da-4f20-8642-7d118200d5c5,HealthCare Fraud Analytics
26,26,"{'fullName': '890 Demo User', 'id': '36eebeb5-be56-4cdc-a79c-d65c18ea2f8c', 'lastLogin': '2021-04-29T14:48:55Z', 'name': '890_User1', 'siteRole': 'Unlicensed'}","{'id': 'c9e37957-f768-49b0-b7d0-80827cf230bf', 'name': 'HealthCare Fraud Analytics', 'description': ''}",{},"{'id': 'c9e37957-f768-49b0-b7d0-80827cf230bf', 'type': 'Project'}",a93ce1c5-c0d7-40b3-a24d-415ada65467d,Fraud Claims Dashboard,Healthcare-Fraud-Detection/sheets/FraudClaimsDashboard,2020-02-14T06:25:49Z,2020-02-14T07:59:48Z,dashboard,0,FraudClaimsDashboard,184,Healthcare-Fraud-Detection,0f86976a-79da-4f20-8642-7d118200d5c5,HealthCare Fraud Analytics
27,27,"{'fullName': '890 Demo User', 'id': '36eebeb5-be56-4cdc-a79c-d65c18ea2f8c', 'lastLogin': '2021-04-29T14:48:55Z', 'name': '890_User1', 'siteRole': 'Unlicensed'}","{'id': 'c9e37957-f768-49b0-b7d0-80827cf230bf', 'name': 'HealthCare Fraud Analytics', 'description': ''}",{},"{'id': 'c9e37957-f768-49b0-b7d0-80827cf230bf', 'type': 'Project'}",d0e75728-6fc0-4320-a8c2-49b41b22f94e,Healthcare Fraud Analytics,Healthcare-Fraud-Detection/sheets/HealthcareFraudAnalytics,2020-02-14T06:25:49Z,2020-02-14T07:59:48Z,story,0,HealthcareFraudAnalytics,139,Healthcare-Fraud-Detection,0f86976a-79da-4f20-8642-7d118200d5c5,HealthCare Fraud Analytics
28,28,"{'fullName': '890 Demo User', 'id': '36eebeb5-be56-4cdc-a79c-d65c18ea2f8c', 'lastLogin': '2021-04-29T14:48:55Z', 'name': '890_User1', 'siteRole': 'Unlicensed'}","{'id': 'c9e37957-f768-49b0-b7d0-80827cf230bf', 'name': 'HealthCare Fraud Analytics', 'description': ''}",{},"{'id': 'c9e37957-f768-49b0-b7d0-80827cf230bf', 'type': 'Project'}",26144275-48db-425a-871a-cc98451f7269,Anomaly Detection,HealthCareFraudulentClaims/sheets/AnomalyDetection,2020-02-14T06:27:06Z,2020-02-14T08:02:18Z,dashboard,0,AnomalyDetection,104,HealthCareFraudulentClaims,9a170fbf-aeb6-4f06-a958-2e934d969a53,HealthCare Fraud Analytics
29,29,"{'fullName': '890 Demo User', 'id': '36eebeb5-be56-4cdc-a79c-d65c18ea2f8c', 'lastLogin': '2021-04-29T14:48:55Z', 'name': '890_User1', 'siteRole': 'Unlicensed'}","{'id': '81752c13-de1b-473f-be90-7691abbd36c0', 'name': 'Loss Control', 'description': ''}",{},"{'id': '81752c13-de1b-473f-be90-7691abbd36c0', 'type': 'Project'}",f3772e7e-817b-4795-9ae3-dbbf609f3e8a,Network-Savings-Dashboard,LossControl-Towing/sheets/Network-Savings-Dashboard,2020-02-14T06:28:14Z,2020-02-14T08:03:55Z,dashboard,0,Network-Savings-Dashboard,49,Loss Control-Towing,22b34d21-1131-4e40-b3bc-2e7670e69fb4,Loss Control
30,30,"{'fullName': '890 Demo User', 'id': '36eebeb5-be56-4cdc-a79c-d65c18ea2f8c', 'lastLogin': '2021-04-29T14:48:55Z', 'name': '890_User1', 'siteRole': 'Unlicensed'}","{'id': '81752c13-de1b-473f-be90-7691abbd36c0', 'name': 'Loss Control', 'description': ''}",{},"{'id': '81752c13-de1b-473f-be90-7691abbd36c0', 'type': 'Project'}",3809bb07-3690-4c26-bc46-aed8bc6afb65,Exceptions-Dashboard,LossControl-Towing/sheets/Exceptions-Dashboard,2020-02-14T06:28:14Z,2020-02-14T08:03:55Z,dashboard,0,Exceptions-Dashboard,41,Loss Control-Towing,22b34d21-1131-4e40-b3bc-2e7670e69fb4,Loss Control
31,31,"{'fullName': '890 Demo User', 'id': '36eebeb5-be56-4cdc-a79c-d65c18ea2f8c', 'lastLogin': '2021-04-29T14:48:55Z', 'name': '890_User1', 'siteRole': 'Unlicensed'}","{'id': '81752c13-de1b-473f-be90-7691abbd36c0', 'name': 'Loss Control', 'description': ''}",{},"{'id': '81752c13-de1b-473f-be90-7691abbd36c0', 'type': 'Project'}",b43be72e-3b7c-478b-957a-ce51bb4a204b,Landing-Page-Dashboard,LossControl-Towing/sheets/Landing-Page-Dashboard,2020-02-14T06:28:14Z,2020-02-14T08:03:55Z,dashboard,0,Landing-Page-Dashboard,42,Loss Control-Towing,22b34d21-1131-4e40-b3bc-2e7670e69fb4,Loss Control
32,32,"{'fullName': '890 Demo User', 'id': '36eebeb5-be56-4cdc-a79c-d65c18ea2f8c', 'lastLogin': '2021-04-29T14:48:55Z', 'name': '890_User1', 'siteRole': 'Unlicensed'}","{'id': '81752c13-de1b-473f-be90-7691abbd36c0', 'name': 'Loss Control', 'description': ''}",{},"{'id': '81752c13-de1b-473f-be90-7691abbd36c0', 'type': 'Project'}",bdb4a854-64e3-4af7-84a9-0f3e14249c37,Towing-Companies-Story,LossControl-Towing/sheets/Towing-Companies-Story,2020-02-14T06:28:14Z,2020-02-14T08:03:55Z,story,0,Towing-Companies-Story,37,Loss Control-Towing,22b34d21-1131-4e40-b3bc-2e7670e69fb4,Loss Control
33,33,"{'fullName': '890 Demo User', 'id': '36eebeb5-be56-4cdc-a79c-d65c18ea2f8c', 'lastLogin': '2021-04-29T14:48:55Z', 'name': '890_User1', 'siteRole': 'Unlicensed'}","{'id': 'c02fb59d-885b-4055-bab8-3f1d2e5ac520', 'name': 'Default', 'description': 'The default project that was automatically created by Tableau.'}",{},"{'id': 'c02fb59d-885b-4055-bab8-3f1d2e5ac520', 'type': 'Project'}",1e2e99fd-6a97-4b02-a05b-9d8cc941fec5,Dashboard Great Car Company,WorkbookforSpanishInsurancev3/sheets/DashboardGreatCarCompany,2020-02-19T11:22:31Z,2020-02-23T23:04:20Z,dashboard,0,DashboardGreatCarCompany,108,Workbook for Spanish Insurance v3,7e0f7a61-8822-42cd-962c-7f1afbf05031,Default
34,34,"{'fullName': '890 Demo User', 'id': '36eebeb5-be56-4cdc-a79c-d65c18ea2f8c', 'lastLogin': '2021-04-29T14:48:55Z', 'name': '890_User1', 'siteRole': 'Unlicensed'}","{'id': 'c02fb59d-885b-4055-bab8-3f1d2e5ac520', 'name': 'Default', 'description': 'The default project that was automatically created by Tableau.'}",{},"{'id': 'c02fb59d-885b-4055-bab8-3f1d2e5ac520', 'type': 'Project'}",059e85ac-30d3-4ac5-b246-414dda975f6e,Overview,WFHAnalytics/sheets/Overview,2020-04-08T07:03:38Z,2020-04-08T08:25:53Z,dashboard,0,Overview,272,WFH Analytics,b18f1f44-03d7-4c6e-985f-feb2a4c64618,Default
35,35,"{'fullName': '890 Demo User', 'id': '36eebeb5-be56-4cdc-a79c-d65c18ea2f8c', 'lastLogin': '2021-04-29T14:48:55Z', 'name': '890_User1', 'siteRole': 'Unlicensed'}","{'id': 'c02fb59d-885b-4055-bab8-3f1d2e5ac520', 'name': 'Default', 'description': 'The default project that was automatically created by Tableau.'}",{},"{'id': 'c02fb59d-885b-4055-bab8-3f1d2e5ac520', 'type': 'Project'}",dcede592-e082-4114-9989-a47d6d2ff7bc,Detailed Insights,WFHAnalytics/sheets/DetailedInsights,2020-04-08T07:03:38Z,2020-04-08T08:25:53Z,dashboard,0,DetailedInsights,166,WFH Analytics,b18f1f44-03d7-4c6e-985f-feb2a4c64618,Default
36,36,"{'fullName': 'Tableau Admin User', 'id': '53c4a816-3b2a-4f89-982b-62e9ba12abae', 'lastLogin': '2024-06-09T16:31:11Z', 'name': 'TableauAdmin', 'siteRole': 'ServerAdministrator'}","{'id': 'c02fb59d-885b-4055-bab8-3f1d2e5ac520', 'name': 'Default', 'description': 'The default project that was automatically created by Tableau.'}",{},"{'id': 'c02fb59d-885b-4055-bab8-3f1d2e5ac520', 'type': 'Project'}",2e0f9ba3-cc85-4fea-9ccc-f8995f7bc1f7,Overview,WFHAnalyticsDraft/sheets/Overview,2020-04-15T14:42:46Z,2020-04-15T14:42:46Z,dashboard,0,Overview,4,WFH Analytics Draft,bb9c3646-1ed5-4672-98b2-7894bdde59de,Default
37,37,"{'fullName': 'Tableau Admin User', 'id': '53c4a816-3b2a-4f89-982b-62e9ba12abae', 'lastLogin': '2024-06-09T16:31:11Z', 'name': 'TableauAdmin', 'siteRole': 'ServerAdministrator'}","{'id': 'c02fb59d-885b-4055-bab8-3f1d2e5ac520', 'name': 'Default', 'description': 'The default project that was automatically created by Tableau.'}",{},"{'id': 'c02fb59d-885b-4055-bab8-3f1d2e5ac520', 'type': 'Project'}",02cf7bae-8d05-4a4a-b98f-40e63a1cd327,Detailed Insights,WFHAnalyticsDraft/sheets/DetailedInsights,2020-04-15T14:42:46Z,2020-04-15T14:42:46Z,dashboard,0,DetailedInsights,0,WFH Analytics Draft,bb9c3646-1ed5-4672-98b2-7894bdde59de,Default
38,38,"{'fullName': 'Tableau Admin User', 'id': '53c4a816-3b2a-4f89-982b-62e9ba12abae', 'lastLogin': '2024-06-09T16:31:11Z', 'name': 'TableauAdmin', 'siteRole': 'ServerAdministrator'}","{'id': 'c267734e-2889-42a2-875c-676e22c3113a', 'name': 'COVID-19', 'description': ''}",{},"{'id': 'c267734e-2889-42a2-875c-676e22c3113a', 'type': 'Project'}",c2829716-ea1c-405a-ae83-d679f50797da,Executive Dashboard,Covid19InternalV6/sheets/ExecutiveDashboard,2020-04-23T11:02:44Z,2020-06-17T08:12:30Z,dashboard,0,ExecutiveDashboard,93,Covid 19 Internal V6,092e0d98-796f-4b6a-9dab-51fb9f540b94,COVID-19
39,39,"{'fullName': 'Tableau Admin User', 'id': '53c4a816-3b2a-4f89-982b-62e9ba12abae', 'lastLogin': '2024-06-09T16:31:11Z', 'name': 'TableauAdmin', 'siteRole': 'ServerAdministrator'}","{'id': 'c267734e-2889-42a2-875c-676e22c3113a', 'name': 'COVID-19', 'description': ''}",{},"{'id': 'c267734e-2889-42a2-875c-676e22c3113a', 'type': 'Project'}",fb2e1d79-9f64-4936-b8bd-1520ac9992ff,Account Risk,Covid19InternalV6/sheets/AccountRisk,2020-04-23T11:02:44Z,2020-06-17T08:12:30Z,dashboard,0,AccountRisk,61,Covid 19 Internal V6,092e0d98-796f-4b6a-9dab-51fb9f540b94,COVID-19
40,40,"{'fullName': 'Tableau Admin User', 'id': '53c4a816-3b2a-4f89-982b-62e9ba12abae', 'lastLogin': '2024-06-09T16:31:11Z', 'name': 'TableauAdmin', 'siteRole': 'ServerAdministrator'}","{'id': 'c267734e-2889-42a2-875c-676e22c3113a', 'name': 'COVID-19', 'description': ''}",{},"{'id': 'c267734e-2889-42a2-875c-676e22c3113a', 'type': 'Project'}",e57ada42-bc18-4882-b091-78affe8bcf1c,GDP Impact,Covid19InternalV6/sheets/GDPImpact,2020-04-23T11:02:44Z,2020-06-17T08:12:30Z,dashboard,0,GDPImpact,11,Covid 19 Internal V6,092e0d98-796f-4b6a-9dab-51fb9f540b94,COVID-19
41,41,"{'fullName': 'Tableau Admin User', 'id': '53c4a816-3b2a-4f89-982b-62e9ba12abae', 'lastLogin': '2024-06-09T16:31:11Z', 'name': 'TableauAdmin', 'siteRole': 'ServerAdministrator'}","{'id': 'c267734e-2889-42a2-875c-676e22c3113a', 'name': 'COVID-19', 'description': ''}",{},"{'id': 'c267734e-2889-42a2-875c-676e22c3113a', 'type': 'Project'}",e878ddad-a6a9-4cdb-8048-c626b6a6fa95,Human Impact,Covid19InternalV6/sheets/HumanImpact,2020-04-23T11:02:44Z,2020-06-17T08:12:30Z,dashboard,0,HumanImpact,9,Covid 19 Internal V6,092e0d98-796f-4b6a-9dab-51fb9f540b94,COVID-19
42,42,"{'fullName': 'Tableau Admin User', 'id': '53c4a816-3b2a-4f89-982b-62e9ba12abae', 'lastLogin': '2024-06-09T16:31:11Z', 'name': 'TableauAdmin', 'siteRole': 'ServerAdministrator'}","{'id': 'c267734e-2889-42a2-875c-676e22c3113a', 'name': 'COVID-19', 'description': ''}",{},"{'id': 'c267734e-2889-42a2-875c-676e22c3113a', 'type': 'Project'}",898e42c8-fe0f-4a0c-b340-245b53748849,Booking Sales and Pipeline,Covid19InternalV6/sheets/BookingSalesandPipeline,2020-04-23T11:02:44Z,2020-06-17T08:12:30Z,dashboard,0,BookingSalesandPipeline,16,Covid 19 Internal V6,092e0d98-796f-4b6a-9dab-51fb9f540b94,COVID-19
43,43,"{'fullName': 'Tableau Admin User', 'id': '53c4a816-3b2a-4f89-982b-62e9ba12abae', 'lastLogin': '2024-06-09T16:31:11Z', 'name': 'TableauAdmin', 'siteRole': 'ServerAdministrator'}","{'id': 'c267734e-2889-42a2-875c-676e22c3113a', 'name': 'COVID-19', 'description': ''}",{},"{'id': 'c267734e-2889-42a2-875c-676e22c3113a', 'type': 'Project'}",b87c4219-f8de-4b21-aa3a-371839950bfc,Geo Industry Risk,Covid19InternalV6/sheets/GeoIndustryRisk,2020-04-23T11:02:44Z,2020-06-17T08:12:30Z,dashboard,0,GeoIndustryRisk,22,Covid 19 Internal V6,092e0d98-796f-4b6a-9dab-51fb9f540b94,COVID-19
44,44,"{'fullName': 'Tableau Admin User', 'id': '53c4a816-3b2a-4f89-982b-62e9ba12abae', 'lastLogin': '2024-06-09T16:31:11Z', 'name': 'TableauAdmin', 'siteRole': 'ServerAdministrator'}","{'id': 'c02fb59d-885b-4055-bab8-3f1d2e5ac520', 'name': 'Default', 'description': 'The default project that was automatically created by Tableau.'}",{},"{'id': 'c02fb59d-885b-4055-bab8-3f1d2e5ac520', 'type': 'Project'}",3e543fe5-4727-41d4-9307-8f77494723b9,Executive Dashboard,Covid19ExternalV6/sheets/ExecutiveDashboard,2020-04-23T13:57:23Z,2020-04-29T11:43:25Z,dashboard,0,ExecutiveDashboard,262,Covid 19 External V6,67615e58-c58e-456b-a835-67913e006c98,Default
45,45,"{'fullName': 'Tableau Admin User', 'id': '53c4a816-3b2a-4f89-982b-62e9ba12abae', 'lastLogin': '2024-06-09T16:31:11Z', 'name': 'TableauAdmin', 'siteRole': 'ServerAdministrator'}","{'id': 'c02fb59d-885b-4055-bab8-3f1d2e5ac520', 'name': 'Default', 'description': 'The default project that was automatically created by Tableau.'}",{},"{'id': 'c02fb59d-885b-4055-bab8-3f1d2e5ac520', 'type': 'Project'}",ea21261b-802d-4747-8a98-c6246a014e81,Account Risk,Covid19ExternalV6/sheets/AccountRisk,2020-04-23T13:57:23Z,2020-04-29T11:43:25Z,dashboard,0,AccountRisk,114,Covid 19 External V6,67615e58-c58e-456b-a835-67913e006c98,Default
46,46,"{'fullName': 'Tableau Admin User', 'id': '53c4a816-3b2a-4f89-982b-62e9ba12abae', 'lastLogin': '2024-06-09T16:31:11Z', 'name': 'TableauAdmin', 'siteRole': 'ServerAdministrator'}","{'id': 'c02fb59d-885b-4055-bab8-3f1d2e5ac520', 'name': 'Default', 'description': 'The default project that was automatically created by Tableau.'}",{},"{'id': 'c02fb59d-885b-4055-bab8-3f1d2e5ac520', 'type': 'Project'}",bad920f4-1e21-4d5b-9a44-bc486dab94be,GDP Impact,Covid19ExternalV6/sheets/GDPImpact,2020-04-23T13:57:23Z,2020-04-29T11:43:25Z,dashboard,0,GDPImpact,14,Covid 19 External V6,67615e58-c58e-456b-a835-67913e006c98,Default
47,47,"{'fullName': 'Tableau Admin User', 'id': '53c4a816-3b2a-4f89-982b-62e9ba12abae', 'lastLogin': '2024-06-09T16:31:11Z', 'name': 'TableauAdmin', 'siteRole': 'ServerAdministrator'}","{'id': 'c02fb59d-885b-4055-bab8-3f1d2e5ac520', 'name': 'Default', 'description': 'The default project that was automatically created by Tableau.'}",{},"{'id': 'c02fb59d-885b-4055-bab8-3f1d2e5ac520', 'type': 'Project'}",102681bd-64ed-4ace-8950-340b9667a599,Human Impact,Covid19ExternalV6/sheets/HumanImpact,2020-04-23T13:57:23Z,2020-04-29T11:43:25Z,dashboard,0,HumanImpact,14,Covid 19 External V6,67615e58-c58e-456b-a835-67913e006c98,Default
48,48,"{'fullName': 'Tableau Admin User', 'id': '53c4a816-3b2a-4f89-982b-62e9ba12abae', 'lastLogin': '2024-06-09T16:31:11Z', 'name': 'TableauAdmin', 'siteRole': 'ServerAdministrator'}","{'id': 'c02fb59d-885b-4055-bab8-3f1d2e5ac520', 'name': 'Default', 'description': 'The default project that was automatically created by Tableau.'}",{},"{'id': 'c02fb59d-885b-4055-bab8-3f1d2e5ac520', 'type': 'Project'}",5cec27d0-ee0f-4de1-ae31-57de22b45daf,Geo Industry Risk,Covid19ExternalV6/sheets/GeoIndustryRisk,2020-04-23T13:57:23Z,2020-04-29T11:43:25Z,dashboard,0,GeoIndustryRisk,35,Covid 19 External V6,67615e58-c58e-456b-a835-67913e006c98,Default
49,49,"{'fullName': 'Tableau Admin User', 'id': '53c4a816-3b2a-4f89-982b-62e9ba12abae', 'lastLogin': '2024-06-09T16:31:11Z', 'name': 'TableauAdmin', 'siteRole': 'ServerAdministrator'}","{'id': 'c02fb59d-885b-4055-bab8-3f1d2e5ac520', 'name': 'Default', 'description': 'The default project that was automatically created by Tableau.'}",{},"{'id': 'c02fb59d-885b-4055-bab8-3f1d2e5ac520', 'type': 'Project'}",2fc43911-d1bd-43d4-9f8c-516137095c93,Covid Impact on Employee Predictor,Covid19ExternalV6/sheets/CovidImpactonEmployeePredictor,2020-04-27T07:18:50Z,2020-04-29T11:43:25Z,dashboard,0,CovidImpactonEmployeePredictor,116,Covid 19 External V6,67615e58-c58e-456b-a835-67913e006c98,Default
50,50,"{'fullName': '890 Demo User', 'id': '36eebeb5-be56-4cdc-a79c-d65c18ea2f8c', 'lastLogin': '2021-04-29T14:48:55Z', 'name': '890_User1', 'siteRole': 'Unlicensed'}","{'id': 'c02fb59d-885b-4055-bab8-3f1d2e5ac520', 'name': 'Default', 'description': 'The default project that was automatically created by Tableau.'}",{},"{'id': 'c02fb59d-885b-4055-bab8-3f1d2e5ac520', 'type': 'Project'}",4a8615cd-25f8-4707-b47b-688177de27e5,Dashboard Great Car Company,WorkbookforSpanishInsuranceEnglish/sheets/DashboardGreatCarCompany,2020-05-06T12:37:52Z,2020-05-06T12:37:52Z,dashboard,0,DashboardGreatCarCompany,86,Workbook for Spanish Insurance(English),afc01518-8ecf-4065-8d9d-eefbe1fdeaea,Default
51,51,"{'fullName': 'Tableau Admin User', 'id': '53c4a816-3b2a-4f89-982b-62e9ba12abae', 'lastLogin': '2024-06-09T16:31:11Z', 'name': 'TableauAdmin', 'siteRole': 'ServerAdministrator'}","{'id': 'c267734e-2889-42a2-875c-676e22c3113a', 'name': 'COVID-19', 'description': ''}",{},"{'id': 'c267734e-2889-42a2-875c-676e22c3113a', 'type': 'Project'}",ee9224c2-0bb2-471d-9ba0-492f4f684048,Covid FTE Projector,Covid19InternalV6/sheets/CovidFTEProjector,2020-05-11T13:30:53Z,2020-06-17T08:12:30Z,dashboard,0,CovidFTEProjector,25,Covid 19 Internal V6,092e0d98-796f-4b6a-9dab-51fb9f540b94,COVID-19
52,52,"{'fullName': 'Tableau Admin User', 'id': '53c4a816-3b2a-4f89-982b-62e9ba12abae', 'lastLogin': '2024-06-09T16:31:11Z', 'name': 'TableauAdmin', 'siteRole': 'ServerAdministrator'}","{'id': 'c267734e-2889-42a2-875c-676e22c3113a', 'name': 'COVID-19', 'description': ''}",{},"{'id': 'c267734e-2889-42a2-875c-676e22c3113a', 'type': 'Project'}",0e17ec1c-d652-4c46-a471-e37343513902,Booking Sales and Pipeline (2),Covid19InternalV6/sheets/BookingSalesandPipeline2,2020-06-17T08:11:47Z,2020-06-17T08:12:30Z,dashboard,0,BookingSalesandPipeline2,3,Covid 19 Internal V6,092e0d98-796f-4b6a-9dab-51fb9f540b94,COVID-19
53,53,"{'fullName': 'Tableau Admin User', 'id': '53c4a816-3b2a-4f89-982b-62e9ba12abae', 'lastLogin': '2024-06-09T16:31:11Z', 'name': 'TableauAdmin', 'siteRole': 'ServerAdministrator'}","{'id': 'c267734e-2889-42a2-875c-676e22c3113a', 'name': 'COVID-19', 'description': ''}",{},"{'id': 'c267734e-2889-42a2-875c-676e22c3113a', 'type': 'Project'}",61be50d6-55f8-41b7-bee8-fee121859c46,Booking Sales and Pipeline (3),Covid19InternalV6/sheets/BookingSalesandPipeline3,2020-06-17T08:11:47Z,2020-06-17T08:12:30Z,dashboard,0,BookingSalesandPipeline3,2,Covid 19 Internal V6,092e0d98-796f-4b6a-9dab-51fb9f540b94,COVID-19
54,54,"{'fullName': '890 Demo User', 'id': '36eebeb5-be56-4cdc-a79c-d65c18ea2f8c', 'lastLogin': '2021-04-29T14:48:55Z', 'name': '890_User1', 'siteRole': 'Unlicensed'}","{'id': 'c02fb59d-885b-4055-bab8-3f1d2e5ac520', 'name': 'Default', 'description': 'The default project that was automatically created by Tableau.'}",{},"{'id': 'c02fb59d-885b-4055-bab8-3f1d2e5ac520', 'type': 'Project'}",ba09f038-ba6c-4a73-92c5-4af3bb29645c,ESG Insights Dashboard,ESGInsights/sheets/ESGInsightsDashboard,2020-07-07T05:22:58Z,2020-07-07T06:18:32Z,dashboard,0,ESGInsightsDashboard,90,ESG Insights,0091cb7a-2076-42ff-9914-3dc59d228cb3,Default
55,55,"{'fullName': '890 Demo User', 'id': '36eebeb5-be56-4cdc-a79c-d65c18ea2f8c', 'lastLogin': '2021-04-29T14:48:55Z', 'name': '890_User1', 'siteRole': 'Unlicensed'}","{'id': 'c02fb59d-885b-4055-bab8-3f1d2e5ac520', 'name': 'Default', 'description': 'The default project that was automatically created by Tableau.'}",{},"{'id': 'c02fb59d-885b-4055-bab8-3f1d2e5ac520', 'type': 'Project'}",fb2a7e6c-1a36-443a-bbe9-1ce379eccdfe,Gross by Genre,Peek-a-Insights/sheets/Dashboard1,2020-07-27T18:07:57Z,2020-07-28T21:30:56Z,dashboard,0,Dashboard1,75,Peek-a-Insights,9550d859-b553-4844-8d1e-5e74460551dc,Default
56,56,"{'fullName': '890 Demo User', 'id': '36eebeb5-be56-4cdc-a79c-d65c18ea2f8c', 'lastLogin': '2021-04-29T14:48:55Z', 'name': '890_User1', 'siteRole': 'Unlicensed'}","{'id': 'c02fb59d-885b-4055-bab8-3f1d2e5ac520', 'name': 'Default', 'description': 'The default project that was automatically created by Tableau.'}",{},"{'id': 'c02fb59d-885b-4055-bab8-3f1d2e5ac520', 'type': 'Project'}",76d79e4b-06bf-414e-9314-acc1c79eec84,Gross by Rating & Runtime,Peek-a-Insights/sheets/Dashboard2,2020-07-27T18:07:57Z,2020-07-28T21:30:56Z,dashboard,0,Dashboard2,48,Peek-a-Insights,9550d859-b553-4844-8d1e-5e74460551dc,Default
57,57,"{'fullName': '890 Demo User', 'id': '36eebeb5-be56-4cdc-a79c-d65c18ea2f8c', 'lastLogin': '2021-04-29T14:48:55Z', 'name': '890_User1', 'siteRole': 'Unlicensed'}","{'id': 'c02fb59d-885b-4055-bab8-3f1d2e5ac520', 'name': 'Default', 'description': 'The default project that was automatically created by Tableau.'}",{},"{'id': 'c02fb59d-885b-4055-bab8-3f1d2e5ac520', 'type': 'Project'}",e122d57c-17aa-4670-b184-aa265d12ae7c,Gross By Certification & Public Poles,Peek-a-Insights/sheets/Dashboard3,2020-07-27T18:07:57Z,2020-07-28T21:30:56Z,dashboard,0,Dashboard3,48,Peek-a-Insights,9550d859-b553-4844-8d1e-5e74460551dc,Default
58,58,"{'fullName': '890 Demo User', 'id': '36eebeb5-be56-4cdc-a79c-d65c18ea2f8c', 'lastLogin': '2021-04-29T14:48:55Z', 'name': '890_User1', 'siteRole': 'Unlicensed'}","{'id': 'c02fb59d-885b-4055-bab8-3f1d2e5ac520', 'name': 'Default', 'description': 'The default project that was automatically created by Tableau.'}",{},"{'id': 'c02fb59d-885b-4055-bab8-3f1d2e5ac520', 'type': 'Project'}",c183ebaf-2dd0-4d75-a091-f9a733277b2a,Gross By IMDB Ratings,Peek-a-Insights/sheets/Dashboard4,2020-07-27T18:07:57Z,2020-07-28T21:30:56Z,dashboard,0,Dashboard4,46,Peek-a-Insights,9550d859-b553-4844-8d1e-5e74460551dc,Default
59,59,"{'fullName': '890 Demo User', 'id': '36eebeb5-be56-4cdc-a79c-d65c18ea2f8c', 'lastLogin': '2021-04-29T14:48:55Z', 'name': '890_User1', 'siteRole': 'Unlicensed'}","{'id': 'c02fb59d-885b-4055-bab8-3f1d2e5ac520', 'name': 'Default', 'description': 'The default project that was automatically created by Tableau.'}",{},"{'id': 'c02fb59d-885b-4055-bab8-3f1d2e5ac520', 'type': 'Project'}",f2320bbc-1fb8-4715-af99-4da5b3e3062a,Total Invoice,Invoice/sheets/Dashboard1,2020-07-28T10:54:34Z,2020-07-29T09:16:20Z,dashboard,0,Dashboard1,116,Invoice,831c0309-0577-4f0b-8f0f-e56e816914af,Default
60,60,"{'fullName': '890 Demo User', 'id': '36eebeb5-be56-4cdc-a79c-d65c18ea2f8c', 'lastLogin': '2021-04-29T14:48:55Z', 'name': '890_User1', 'siteRole': 'Unlicensed'}","{'id': 'c02fb59d-885b-4055-bab8-3f1d2e5ac520', 'name': 'Default', 'description': 'The default project that was automatically created by Tableau.'}",{},"{'id': 'c02fb59d-885b-4055-bab8-3f1d2e5ac520', 'type': 'Project'}",1fcf4db5-fe32-4952-b470-111b31034879,Tax,Invoice/sheets/Dashboard2,2020-07-28T10:54:34Z,2020-07-29T09:16:20Z,dashboard,0,Dashboard2,7,Invoice,831c0309-0577-4f0b-8f0f-e56e816914af,Default
61,61,"{'fullName': '890 Demo User', 'id': '36eebeb5-be56-4cdc-a79c-d65c18ea2f8c', 'lastLogin': '2021-04-29T14:48:55Z', 'name': '890_User1', 'siteRole': 'Unlicensed'}","{'id': 'c02fb59d-885b-4055-bab8-3f1d2e5ac520', 'name': 'Default', 'description': 'The default project that was automatically created by Tableau.'}",{},"{'id': 'c02fb59d-885b-4055-bab8-3f1d2e5ac520', 'type': 'Project'}",22cc7cb5-aa96-41ee-b624-bc8da9e65bce,Gross,Invoice/sheets/Dashboard3,2020-07-28T10:54:34Z,2020-07-29T09:16:20Z,dashboard,0,Dashboard3,14,Invoice,831c0309-0577-4f0b-8f0f-e56e816914af,Default
62,62,"{'fullName': '890 Demo User', 'id': '36eebeb5-be56-4cdc-a79c-d65c18ea2f8c', 'lastLogin': '2021-04-29T14:48:55Z', 'name': '890_User1', 'siteRole': 'Unlicensed'}","{'id': 'c02fb59d-885b-4055-bab8-3f1d2e5ac520', 'name': 'Default', 'description': 'The default project that was automatically created by Tableau.'}",{},"{'id': 'c02fb59d-885b-4055-bab8-3f1d2e5ac520', 'type': 'Project'}",d950cdd8-1471-4ae4-8cb5-2b05b79a0ade,Asset Allocation,BacktestAssetAllocationDashboard/sheets/AssetAllocation,2020-08-04T18:34:51Z,2020-08-04T18:34:51Z,dashboard,0,AssetAllocation,22,Backtest Asset Allocation Dashboard,2b45ecc4-f9b5-4794-b8b9-f55d2d30d996,Default
63,63,"{'fullName': '890 Demo User', 'id': '36eebeb5-be56-4cdc-a79c-d65c18ea2f8c', 'lastLogin': '2021-04-29T14:48:55Z', 'name': '890_User1', 'siteRole': 'Unlicensed'}","{'id': 'c02fb59d-885b-4055-bab8-3f1d2e5ac520', 'name': 'Default', 'description': 'The default project that was automatically created by Tableau.'}",{},"{'id': 'c02fb59d-885b-4055-bab8-3f1d2e5ac520', 'type': 'Project'}",38287d99-8f79-4d79-a601-7d74b6ba3039,Portfolio Performance,BacktestAssetAllocationDashboard/sheets/PortfolioPerformance,2020-08-04T18:34:51Z,2020-08-04T18:34:51Z,dashboard,0,PortfolioPerformance,6,Backtest Asset Allocation Dashboard,2b45ecc4-f9b5-4794-b8b9-f55d2d30d996,Default
64,64,"{'fullName': '890 Demo User', 'id': '36eebeb5-be56-4cdc-a79c-d65c18ea2f8c', 'lastLogin': '2021-04-29T14:48:55Z', 'name': '890_User1', 'siteRole': 'Unlicensed'}","{'id': 'c02fb59d-885b-4055-bab8-3f1d2e5ac520', 'name': 'Default', 'description': 'The default project that was automatically created by Tableau.'}",{},"{'id': 'c02fb59d-885b-4055-bab8-3f1d2e5ac520', 'type': 'Project'}",a9aacc3d-d5fd-4e96-957c-28752966d05d,Portfolio Growth and Returns,BacktestAssetAllocationDashboard/sheets/PortfolioGrowthandReturns,2020-08-04T18:34:51Z,2020-08-04T18:34:51Z,dashboard,0,PortfolioGrowthandReturns,8,Backtest Asset Allocation Dashboard,2b45ecc4-f9b5-4794-b8b9-f55d2d30d996,Default
65,65,"{'fullName': '890 Demo User', 'id': '36eebeb5-be56-4cdc-a79c-d65c18ea2f8c', 'lastLogin': '2021-04-29T14:48:55Z', 'name': '890_User1', 'siteRole': 'Unlicensed'}","{'id': 'c02fb59d-885b-4055-bab8-3f1d2e5ac520', 'name': 'Default', 'description': 'The default project that was automatically created by Tableau.'}",{},"{'id': 'c02fb59d-885b-4055-bab8-3f1d2e5ac520', 'type': 'Project'}",4feb11fd-c36d-4a65-aeec-11ab6ebd151d,Annual Returns and Balance Data,BacktestAssetAllocationDashboard/sheets/AnnualReturnsandBalanceData,2020-08-04T18:34:51Z,2020-08-04T18:34:51Z,dashboard,0,AnnualReturnsandBalanceData,5,Backtest Asset Allocation Dashboard,2b45ecc4-f9b5-4794-b8b9-f55d2d30d996,Default
66,66,"{'fullName': '890 Demo User', 'id': '36eebeb5-be56-4cdc-a79c-d65c18ea2f8c', 'lastLogin': '2021-04-29T14:48:55Z', 'name': '890_User1', 'siteRole': 'Unlicensed'}","{'id': 'c02fb59d-885b-4055-bab8-3f1d2e5ac520', 'name': 'Default', 'description': 'The default project that was automatically created by Tableau.'}",{},"{'id': 'c02fb59d-885b-4055-bab8-3f1d2e5ac520', 'type': 'Project'}",902a5cd3-f337-4b2f-8a9c-ba4261194ce3,Risk and Return Metrics,BacktestAssetAllocationDashboard/sheets/RiskandReturnMetrics,2020-08-04T18:34:51Z,2020-08-04T18:34:51Z,dashboard,0,RiskandReturnMetrics,4,Backtest Asset Allocation Dashboard,2b45ecc4-f9b5-4794-b8b9-f55d2d30d996,Default
67,67,"{'fullName': '890 Demo User', 'id': '36eebeb5-be56-4cdc-a79c-d65c18ea2f8c', 'lastLogin': '2021-04-29T14:48:55Z', 'name': '890_User1', 'siteRole': 'Unlicensed'}","{'id': 'c02fb59d-885b-4055-bab8-3f1d2e5ac520', 'name': 'Default', 'description': 'The default project that was automatically created by Tableau.'}",{},"{'id': 'c02fb59d-885b-4055-bab8-3f1d2e5ac520', 'type': 'Project'}",db6ea5ed-c199-4e10-a6d1-062ed4ce449a,Drawdowns,BacktestAssetAllocationDashboard/sheets/Drawdowns,2020-08-04T18:34:51Z,2020-08-04T18:34:51Z,dashboard,0,Drawdowns,3,Backtest Asset Allocation Dashboard,2b45ecc4-f9b5-4794-b8b9-f55d2d30d996,Default
68,68,"{'fullName': '890 Demo User', 'id': '36eebeb5-be56-4cdc-a79c-d65c18ea2f8c', 'lastLogin': '2021-04-29T14:48:55Z', 'name': '890_User1', 'siteRole': 'Unlicensed'}","{'id': 'c02fb59d-885b-4055-bab8-3f1d2e5ac520', 'name': 'Default', 'description': 'The default project that was automatically created by Tableau.'}",{},"{'id': 'c02fb59d-885b-4055-bab8-3f1d2e5ac520', 'type': 'Project'}",34a26b80-9d0e-44c5-8245-f730edefa0db,Portfolio Analysis,BacktestAssetAllocationDashboard/sheets/PortfolioAnalysis,2020-08-04T18:34:51Z,2020-08-04T18:34:51Z,dashboard,0,PortfolioAnalysis,7,Backtest Asset Allocation Dashboard,2b45ecc4-f9b5-4794-b8b9-f55d2d30d996,Default
69,69,"{'fullName': '890 Demo User', 'id': '36eebeb5-be56-4cdc-a79c-d65c18ea2f8c', 'lastLogin': '2021-04-29T14:48:55Z', 'name': '890_User1', 'siteRole': 'Unlicensed'}","{'id': 'c02fb59d-885b-4055-bab8-3f1d2e5ac520', 'name': 'Default', 'description': 'The default project that was automatically created by Tableau.'}",{},"{'id': 'c02fb59d-885b-4055-bab8-3f1d2e5ac520', 'type': 'Project'}",73dc69d9-1dda-49da-9517-aeb5cdca352b,Rolling Returns Analysis,BacktestAssetAllocationDashboard/sheets/RollingReturnsAnalysis,2020-08-04T18:34:51Z,2020-08-04T18:34:51Z,dashboard,0,RollingReturnsAnalysis,4,Backtest Asset Allocation Dashboard,2b45ecc4-f9b5-4794-b8b9-f55d2d30d996,Default
70,70,"{'fullName': '890 Demo User', 'id': '36eebeb5-be56-4cdc-a79c-d65c18ea2f8c', 'lastLogin': '2021-04-29T14:48:55Z', 'name': '890_User1', 'siteRole': 'Unlicensed'}","{'id': 'c02fb59d-885b-4055-bab8-3f1d2e5ac520', 'name': 'Default', 'description': 'The default project that was automatically created by Tableau.'}",{},"{'id': 'c02fb59d-885b-4055-bab8-3f1d2e5ac520', 'type': 'Project'}",8f6f1972-998a-40bf-b618-c146ce7c28ab,Rolling Returns Trend,BacktestAssetAllocationDashboard/sheets/RollingReturnsTrend,2020-08-04T18:34:51Z,2020-08-04T18:34:51Z,dashboard,0,RollingReturnsTrend,2,Backtest Asset Allocation Dashboard,2b45ecc4-f9b5-4794-b8b9-f55d2d30d996,Default
71,71,"{'fullName': '890 Demo User', 'id': '36eebeb5-be56-4cdc-a79c-d65c18ea2f8c', 'lastLogin': '2021-04-29T14:48:55Z', 'name': '890_User1', 'siteRole': 'Unlicensed'}","{'id': 'c02fb59d-885b-4055-bab8-3f1d2e5ac520', 'name': 'Default', 'description': 'The default project that was automatically created by Tableau.'}",{},"{'id': 'c02fb59d-885b-4055-bab8-3f1d2e5ac520', 'type': 'Project'}",4a6577c2-2728-4a9c-a4b4-98df56376e31,Asset Allocation,BacktestAssetAllocationDashboardv3/sheets/AssetAllocation,2020-08-06T09:08:10Z,2020-09-10T11:16:30Z,dashboard,0,AssetAllocation,63,Backtest Asset Allocation Dashboard v3,17e82041-66b3-4982-839d-815b0d549bc7,Default
72,72,"{'fullName': '890 Demo User', 'id': '36eebeb5-be56-4cdc-a79c-d65c18ea2f8c', 'lastLogin': '2021-04-29T14:48:55Z', 'name': '890_User1', 'siteRole': 'Unlicensed'}","{'id': 'c02fb59d-885b-4055-bab8-3f1d2e5ac520', 'name': 'Default', 'description': 'The default project that was automatically created by Tableau.'}",{},"{'id': 'c02fb59d-885b-4055-bab8-3f1d2e5ac520', 'type': 'Project'}",a7122bb9-ea8d-48c0-b87d-f1adfed83eb1,Portfolio Performance,BacktestAssetAllocationDashboardv3/sheets/PortfolioPerformance,2020-08-06T09:08:10Z,2020-09-10T11:16:30Z,dashboard,0,PortfolioPerformance,61,Backtest Asset Allocation Dashboard v3,17e82041-66b3-4982-839d-815b0d549bc7,Default
73,73,"{'fullName': '890 Demo User', 'id': '36eebeb5-be56-4cdc-a79c-d65c18ea2f8c', 'lastLogin': '2021-04-29T14:48:55Z', 'name': '890_User1', 'siteRole': 'Unlicensed'}","{'id': 'c02fb59d-885b-4055-bab8-3f1d2e5ac520', 'name': 'Default', 'description': 'The default project that was automatically created by Tableau.'}",{},"{'id': 'c02fb59d-885b-4055-bab8-3f1d2e5ac520', 'type': 'Project'}",98a4f7be-e453-4192-b317-1b935b6215f9,Portfolio Growth and Returns,BacktestAssetAllocationDashboardv3/sheets/PortfolioGrowthandReturns,2020-08-06T09:08:10Z,2020-09-10T11:16:30Z,dashboard,0,PortfolioGrowthandReturns,29,Backtest Asset Allocation Dashboard v3,17e82041-66b3-4982-839d-815b0d549bc7,Default
74,74,"{'fullName': '890 Demo User', 'id': '36eebeb5-be56-4cdc-a79c-d65c18ea2f8c', 'lastLogin': '2021-04-29T14:48:55Z', 'name': '890_User1', 'siteRole': 'Unlicensed'}","{'id': 'c02fb59d-885b-4055-bab8-3f1d2e5ac520', 'name': 'Default', 'description': 'The default project that was automatically created by Tableau.'}",{},"{'id': 'c02fb59d-885b-4055-bab8-3f1d2e5ac520', 'type': 'Project'}",1a283348-c210-479b-ab8f-b9537702a1db,Annual Returns and Balance Data,BacktestAssetAllocationDashboardv3/sheets/AnnualReturnsandBalanceData,2020-08-06T09:08:10Z,2020-09-10T11:16:30Z,dashboard,0,AnnualReturnsandBalanceData,24,Backtest Asset Allocation Dashboard v3,17e82041-66b3-4982-839d-815b0d549bc7,Default
75,75,"{'fullName': '890 Demo User', 'id': '36eebeb5-be56-4cdc-a79c-d65c18ea2f8c', 'lastLogin': '2021-04-29T14:48:55Z', 'name': '890_User1', 'siteRole': 'Unlicensed'}","{'id': 'c02fb59d-885b-4055-bab8-3f1d2e5ac520', 'name': 'Default', 'description': 'The default project that was automatically created by Tableau.'}",{},"{'id': 'c02fb59d-885b-4055-bab8-3f1d2e5ac520', 'type': 'Project'}",76bf1e9e-c6af-4a1d-b58a-1c744f53ab16,Risk and Return Metrics,BacktestAssetAllocationDashboardv3/sheets/RiskandReturnMetrics,2020-08-06T09:08:10Z,2020-09-10T11:16:30Z,dashboard,0,RiskandReturnMetrics,24,Backtest Asset Allocation Dashboard v3,17e82041-66b3-4982-839d-815b0d549bc7,Default
76,76,"{'fullName': '890 Demo User', 'id': '36eebeb5-be56-4cdc-a79c-d65c18ea2f8c', 'lastLogin': '2021-04-29T14:48:55Z', 'name': '890_User1', 'siteRole': 'Unlicensed'}","{'id': 'c02fb59d-885b-4055-bab8-3f1d2e5ac520', 'name': 'Default', 'description': 'The default project that was automatically created by Tableau.'}",{},"{'id': 'c02fb59d-885b-4055-bab8-3f1d2e5ac520', 'type': 'Project'}",dbf1b23f-b3a6-43db-8bab-736867ca1474,Drawdowns,BacktestAssetAllocationDashboardv3/sheets/Drawdowns,2020-08-06T09:08:10Z,2020-09-10T11:16:30Z,dashboard,0,Drawdowns,25,Backtest Asset Allocation Dashboard v3,17e82041-66b3-4982-839d-815b0d549bc7,Default
77,77,"{'fullName': '890 Demo User', 'id': '36eebeb5-be56-4cdc-a79c-d65c18ea2f8c', 'lastLogin': '2021-04-29T14:48:55Z', 'name': '890_User1', 'siteRole': 'Unlicensed'}","{'id': 'c02fb59d-885b-4055-bab8-3f1d2e5ac520', 'name': 'Default', 'description': 'The default project that was automatically created by Tableau.'}",{},"{'id': 'c02fb59d-885b-4055-bab8-3f1d2e5ac520', 'type': 'Project'}",d9adf09f-7bb4-461a-81ac-e67985cbaeea,Portfolio Analysis,BacktestAssetAllocationDashboardv3/sheets/PortfolioAnalysis,2020-08-06T09:08:10Z,2020-09-10T11:16:30Z,dashboard,0,PortfolioAnalysis,23,Backtest Asset Allocation Dashboard v3,17e82041-66b3-4982-839d-815b0d549bc7,Default
78,78,"{'fullName': '890 Demo User', 'id': '36eebeb5-be56-4cdc-a79c-d65c18ea2f8c', 'lastLogin': '2021-04-29T14:48:55Z', 'name': '890_User1', 'siteRole': 'Unlicensed'}","{'id': 'c02fb59d-885b-4055-bab8-3f1d2e5ac520', 'name': 'Default', 'description': 'The default project that was automatically created by Tableau.'}",{},"{'id': 'c02fb59d-885b-4055-bab8-3f1d2e5ac520', 'type': 'Project'}",dcf58461-2eeb-4271-8bba-539a059c8d79,Rolling Returns Analysis,BacktestAssetAllocationDashboardv3/sheets/RollingReturnsAnalysis,2020-08-06T09:08:10Z,2020-09-10T11:16:30Z,dashboard,0,RollingReturnsAnalysis,21,Backtest Asset Allocation Dashboard v3,17e82041-66b3-4982-839d-815b0d549bc7,Default
79,79,"{'fullName': '890 Demo User', 'id': '36eebeb5-be56-4cdc-a79c-d65c18ea2f8c', 'lastLogin': '2021-04-29T14:48:55Z', 'name': '890_User1', 'siteRole': 'Unlicensed'}","{'id': 'c02fb59d-885b-4055-bab8-3f1d2e5ac520', 'name': 'Default', 'description': 'The default project that was automatically created by Tableau.'}",{},"{'id': 'c02fb59d-885b-4055-bab8-3f1d2e5ac520', 'type': 'Project'}",2aabae70-9e33-4971-8df1-a797fd93a40a,Rolling Returns Trend,BacktestAssetAllocationDashboardv3/sheets/RollingReturnsTrend,2020-08-06T09:08:10Z,2020-09-10T11:16:30Z,dashboard,0,RollingReturnsTrend,17,Backtest Asset Allocation Dashboard v3,17e82041-66b3-4982-839d-815b0d549bc7,Default
80,80,"{'fullName': '890 Demo User', 'id': '36eebeb5-be56-4cdc-a79c-d65c18ea2f8c', 'lastLogin': '2021-04-29T14:48:55Z', 'name': '890_User1', 'siteRole': 'Unlicensed'}","{'id': 'c02fb59d-885b-4055-bab8-3f1d2e5ac520', 'name': 'Default', 'description': 'The default project that was automatically created by Tableau.'}",{},"{'id': 'c02fb59d-885b-4055-bab8-3f1d2e5ac520', 'type': 'Project'}",94007b30-2686-4eaa-8702-807d4336fbde,GHG Emission,GHGEmission/sheets/GHGEmission,2021-01-22T13:02:36Z,2021-01-22T13:02:36Z,view,0,GHGEmission,4,GHG Emission,b48ce533-e92f-48dd-bdd7-3f983f79e0b2,Default
81,81,"{'fullName': '890 Demo User', 'id': '36eebeb5-be56-4cdc-a79c-d65c18ea2f8c', 'lastLogin': '2021-04-29T14:48:55Z', 'name': '890_User1', 'siteRole': 'Unlicensed'}","{'id': 'c02fb59d-885b-4055-bab8-3f1d2e5ac520', 'name': 'Default', 'description': 'The default project that was automatically created by Tableau.'}",{},"{'id': 'c02fb59d-885b-4055-bab8-3f1d2e5ac520', 'type': 'Project'}",75304149-f243-4630-aef9-998aade0a44a,Dashboard 1,GHGEmission/sheets/Dashboard1,2021-01-22T13:02:36Z,2021-01-22T13:02:36Z,dashboard,0,Dashboard1,1,GHG Emission,b48ce533-e92f-48dd-bdd7-3f983f79e0b2,Default
82,82,"{'fullName': '890 Demo User', 'id': '36eebeb5-be56-4cdc-a79c-d65c18ea2f8c', 'lastLogin': '2021-04-29T14:48:55Z', 'name': '890_User1', 'siteRole': 'Unlicensed'}","{'id': 'c02fb59d-885b-4055-bab8-3f1d2e5ac520', 'name': 'Default', 'description': 'The default project that was automatically created by Tableau.'}",{},"{'id': 'c02fb59d-885b-4055-bab8-3f1d2e5ac520', 'type': 'Project'}",1c287bae-09c9-4512-9bd5-3d36fbbd2854,Car Track At Port,dummy_new/sheets/CarTrackAtPort,2021-02-26T06:38:46Z,2021-02-26T06:45:52Z,dashboard,0,CarTrackAtPort,53,dummy_new,b084f015-ef79-41e7-a935-90d10a43723b,Default
83,83,"{'fullName': '890 Demo User', 'id': '36eebeb5-be56-4cdc-a79c-d65c18ea2f8c', 'lastLogin': '2021-04-29T14:48:55Z', 'name': '890_User1', 'siteRole': 'Unlicensed'}","{'id': 'c02fb59d-885b-4055-bab8-3f1d2e5ac520', 'name': 'Default', 'description': 'The default project that was automatically created by Tableau.'}",{},"{'id': 'c02fb59d-885b-4055-bab8-3f1d2e5ac520', 'type': 'Project'}",7593a9fd-ce66-4253-92d1-b8027cb93a75,Car Track At Inland,dummy_new/sheets/CarTrackAtInland,2021-02-26T06:38:46Z,2021-02-26T06:45:52Z,dashboard,0,CarTrackAtInland,14,dummy_new,b084f015-ef79-41e7-a935-90d10a43723b,Default
84,84,"{'fullName': '890 Demo User', 'id': '36eebeb5-be56-4cdc-a79c-d65c18ea2f8c', 'lastLogin': '2021-04-29T14:48:55Z', 'name': '890_User1', 'siteRole': 'Unlicensed'}","{'id': 'c02fb59d-885b-4055-bab8-3f1d2e5ac520', 'name': 'Default', 'description': 'The default project that was automatically created by Tableau.'}",{},"{'id': 'c02fb59d-885b-4055-bab8-3f1d2e5ac520', 'type': 'Project'}",eab01a97-3521-4f4b-b48a-06c976224efa,Mumbai Port_Demographic,dummy_new/sheets/MumbaiPort_Demographic,2021-02-26T06:38:46Z,2021-02-26T06:45:52Z,dashboard,0,MumbaiPort_Demographic,7,dummy_new,b084f015-ef79-41e7-a935-90d10a43723b,Default
85,85,"{'fullName': '890 Demo User', 'id': '36eebeb5-be56-4cdc-a79c-d65c18ea2f8c', 'lastLogin': '2021-04-29T14:48:55Z', 'name': '890_User1', 'siteRole': 'Unlicensed'}","{'id': 'c02fb59d-885b-4055-bab8-3f1d2e5ac520', 'name': 'Default', 'description': 'The default project that was automatically created by Tableau.'}",{},"{'id': 'c02fb59d-885b-4055-bab8-3f1d2e5ac520', 'type': 'Project'}",c52441d6-fd4d-410d-b6bc-548b054df85b,Chennai Port_Demographic,dummy_new/sheets/ChennaiPort_Demographic,2021-02-26T06:38:46Z,2021-02-26T06:45:52Z,dashboard,0,ChennaiPort_Demographic,7,dummy_new,b084f015-ef79-41e7-a935-90d10a43723b,Default
86,86,"{'fullName': '890 Demo User', 'id': '36eebeb5-be56-4cdc-a79c-d65c18ea2f8c', 'lastLogin': '2021-04-29T14:48:55Z', 'name': '890_User1', 'siteRole': 'Unlicensed'}","{'id': 'c02fb59d-885b-4055-bab8-3f1d2e5ac520', 'name': 'Default', 'description': 'The default project that was automatically created by Tableau.'}",{},"{'id': 'c02fb59d-885b-4055-bab8-3f1d2e5ac520', 'type': 'Project'}",bc572ef1-3288-4d6c-b1d2-134478c1bb0f,Mumbai Port_Car,dummy_new/sheets/MumbaiPort_Car,2021-02-26T06:38:46Z,2021-02-26T06:45:52Z,dashboard,0,MumbaiPort_Car,3,dummy_new,b084f015-ef79-41e7-a935-90d10a43723b,Default
87,87,"{'fullName': '890 Demo User', 'id': '36eebeb5-be56-4cdc-a79c-d65c18ea2f8c', 'lastLogin': '2021-04-29T14:48:55Z', 'name': '890_User1', 'siteRole': 'Unlicensed'}","{'id': 'c02fb59d-885b-4055-bab8-3f1d2e5ac520', 'name': 'Default', 'description': 'The default project that was automatically created by Tableau.'}",{},"{'id': 'c02fb59d-885b-4055-bab8-3f1d2e5ac520', 'type': 'Project'}",31c28f01-8d9e-4b07-b9bd-140f3cac44bc,Chennai Port_Car,dummy_new/sheets/ChennaiPort_Car,2021-02-26T06:38:46Z,2021-02-26T06:45:52Z,dashboard,0,ChennaiPort_Car,2,dummy_new,b084f015-ef79-41e7-a935-90d10a43723b,Default
88,88,"{'fullName': '890 Demo User', 'id': '36eebeb5-be56-4cdc-a79c-d65c18ea2f8c', 'lastLogin': '2021-04-29T14:48:55Z', 'name': '890_User1', 'siteRole': 'Unlicensed'}","{'id': 'c02fb59d-885b-4055-bab8-3f1d2e5ac520', 'name': 'Default', 'description': 'The default project that was automatically created by Tableau.'}",{},"{'id': 'c02fb59d-885b-4055-bab8-3f1d2e5ac520', 'type': 'Project'}",5e75578b-19d4-4cc4-b5c9-a30170c35be2,Dealer Analysis,dummy_new/sheets/DealerAnalysis,2021-02-26T06:38:46Z,2021-02-26T06:45:52Z,dashboard,0,DealerAnalysis,9,dummy_new,b084f015-ef79-41e7-a935-90d10a43723b,Default
89,89,"{'fullName': '890 Demo User', 'id': '36eebeb5-be56-4cdc-a79c-d65c18ea2f8c', 'lastLogin': '2021-04-29T14:48:55Z', 'name': '890_User1', 'siteRole': 'Unlicensed'}","{'id': 'c02fb59d-885b-4055-bab8-3f1d2e5ac520', 'name': 'Default', 'description': 'The default project that was automatically created by Tableau.'}",{},"{'id': 'c02fb59d-885b-4055-bab8-3f1d2e5ac520', 'type': 'Project'}",f20b37f1-dc2c-4877-a201-3ca7cab58675,City Level Analysis,dummy_new/sheets/CityLevelAnalysis,2021-02-26T06:38:46Z,2021-02-26T06:45:52Z,dashboard,0,CityLevelAnalysis,3,dummy_new,b084f015-ef79-41e7-a935-90d10a43723b,Default
90,90,"{'fullName': '890 Demo User', 'id': '36eebeb5-be56-4cdc-a79c-d65c18ea2f8c', 'lastLogin': '2021-04-29T14:48:55Z', 'name': '890_User1', 'siteRole': 'Unlicensed'}","{'id': 'c02fb59d-885b-4055-bab8-3f1d2e5ac520', 'name': 'Default', 'description': 'The default project that was automatically created by Tableau.'}",{},"{'id': 'c02fb59d-885b-4055-bab8-3f1d2e5ac520', 'type': 'Project'}",101cebf1-9d29-42bf-a218-48b2dfcb6140,Glossary,dummy_new/sheets/Glossary,2021-02-26T06:38:46Z,2021-02-26T06:45:52Z,dashboard,0,Glossary,2,dummy_new,b084f015-ef79-41e7-a935-90d10a43723b,Default
91,91,"{'fullName': '890 Demo User', 'id': '36eebeb5-be56-4cdc-a79c-d65c18ea2f8c', 'lastLogin': '2021-04-29T14:48:55Z', 'name': '890_User1', 'siteRole': 'Unlicensed'}","{'id': 'c02fb59d-885b-4055-bab8-3f1d2e5ac520', 'name': 'Default', 'description': 'The default project that was automatically created by Tableau.'}",{},"{'id': 'c02fb59d-885b-4055-bab8-3f1d2e5ac520', 'type': 'Project'}",fab70a97-45a5-42b2-9d4f-9ed69205c1e9,Dashboard 1,PeakonFS/sheets/Dashboard1,2021-03-11T10:52:18Z,2021-03-11T10:52:18Z,dashboard,0,Dashboard1,0,Peakon FS,a42726fe-6441-492d-86d0-f2ca0caf7256,Default
92,92,"{'fullName': '890 Demo User', 'id': '36eebeb5-be56-4cdc-a79c-d65c18ea2f8c', 'lastLogin': '2021-04-29T14:48:55Z', 'name': '890_User1', 'siteRole': 'Unlicensed'}","{'id': 'c02fb59d-885b-4055-bab8-3f1d2e5ac520', 'name': 'Default', 'description': 'The default project that was automatically created by Tableau.'}",{},"{'id': 'c02fb59d-885b-4055-bab8-3f1d2e5ac520', 'type': 'Project'}",28c4798c-a313-4e8f-b415-ebfe16d6e5d0,Dashboard 2,PeakonFS/sheets/Dashboard2,2021-03-11T10:52:18Z,2021-03-11T10:52:18Z,dashboard,0,Dashboard2,0,Peakon FS,a42726fe-6441-492d-86d0-f2ca0caf7256,Default
93,93,"{'fullName': 'Tableau Admin User', 'id': '53c4a816-3b2a-4f89-982b-62e9ba12abae', 'lastLogin': '2024-06-09T16:31:11Z', 'name': 'TableauAdmin', 'siteRole': 'ServerAdministrator'}","{'id': 'ee0260da-18cd-4c01-87e1-5dbe6f53cbb3', 'name': 'CTMT Accelerator Sample Content', 'description': ''}",{},"{'id': 'ee0260da-18cd-4c01-87e1-5dbe6f53cbb3', 'type': 'Project'}",9f1b0fb6-464e-4595-a46a-f3124ed44f01,Sheet 1,Snowflake_Test_Wb/sheets/Sheet1,2024-04-15T14:21:40Z,2024-04-15T14:21:40Z,view,0,Sheet1,12,Snowflake_Test_Wb,d6bb6f71-0a2c-4ec8-9f10-1f3d3f8bdd26,CTMT Accelerator Sample Content
94,94,"{'fullName': 'Tableau Admin User', 'id': '53c4a816-3b2a-4f89-982b-62e9ba12abae', 'lastLogin': '2024-06-09T16:31:11Z', 'name': 'TableauAdmin', 'siteRole': 'ServerAdministrator'}","{'id': 'ee0260da-18cd-4c01-87e1-5dbe6f53cbb3', 'name': 'CTMT Accelerator Sample Content', 'description': ''}",{},"{'id': 'ee0260da-18cd-4c01-87e1-5dbe6f53cbb3', 'type': 'Project'}",b74b4668-8eb5-4644-89d1-6ed0824b1bc5,Sheet 1,Electric_Vehicle_Wb/sheets/Sheet1,2024-04-15T14:33:35Z,2024-04-25T15:49:01Z,view,0,Sheet1,7,Electric_Vehicle_Wb,fd3742ba-1975-4f77-ace2-b485aaa88d13,CTMT Accelerator Sample Content
95,95,"{'fullName': 'Tableau Admin User', 'id': '53c4a816-3b2a-4f89-982b-62e9ba12abae', 'lastLogin': '2024-06-09T16:31:11Z', 'name': 'TableauAdmin', 'siteRole': 'ServerAdministrator'}","{'id': 'c02fb59d-885b-4055-bab8-3f1d2e5ac520', 'name': 'Default', 'description': 'The default project that was automatically created by Tableau.'}",{},"{'id': 'c02fb59d-885b-4055-bab8-3f1d2e5ac520', 'type': 'Project'}",b5b2f7f1-84a3-4e2a-899c-a46d0599c937,TS Background Tasks,ts_background_tasks_04_01/sheets/TSBackgroundTasks,2024-04-19T19:53:56Z,2024-04-19T19:53:56Z,dashboard,0,TSBackgroundTasks,3,ts_background_tasks_04.01,19708d8d-f964-4448-81e7-9dea0f03b09c,Default
96,96,"{'fullName': 'Tableau Admin User', 'id': '53c4a816-3b2a-4f89-982b-62e9ba12abae', 'lastLogin': '2024-06-09T16:31:11Z', 'name': 'TableauAdmin', 'siteRole': 'ServerAdministrator'}","{'id': '74ac5090-4555-4fc2-918e-fbc9d70b3518', 'name': 'CTMT_Sub_Project', 'description': ''}",{},"{'id': '74ac5090-4555-4fc2-918e-fbc9d70b3518', 'type': 'Project'}",e900b09a-6e72-4e47-96c5-586d424cc94d,Sheet 1,Emissions/sheets/Sheet1,2024-04-25T16:38:59Z,2024-04-25T16:38:59Z,view,0,Sheet1,10,Emissions ,fec0c30b-d5a6-4a42-a1eb-253eb572f025,CTMT_Sub_Project
97,97,"{'fullName': 'Tableau Admin User', 'id': '53c4a816-3b2a-4f89-982b-62e9ba12abae', 'lastLogin': '2024-06-09T16:31:11Z', 'name': 'TableauAdmin', 'siteRole': 'ServerAdministrator'}","{'id': 'ee0260da-18cd-4c01-87e1-5dbe6f53cbb3', 'name': 'CTMT Accelerator Sample Content', 'description': ''}",{},"{'id': 'ee0260da-18cd-4c01-87e1-5dbe6f53cbb3', 'type': 'Project'}",9b9c4b2c-3f3b-48a3-8466-65bf30c11127,Sheet 1,Flow_Workbook/sheets/Sheet1,2024-04-25T16:53:35Z,2024-04-25T16:57:19Z,view,0,Sheet1,2,Flow_Workbook,c50636cf-5243-44da-b06b-e39d825b4eac,CTMT Accelerator Sample Content
98,98,"{'fullName': 'Tableau Admin User', 'id': '53c4a816-3b2a-4f89-982b-62e9ba12abae', 'lastLogin': '2024-06-09T16:31:11Z', 'name': 'TableauAdmin', 'siteRole': 'ServerAdministrator'}","{'id': 'c02fb59d-885b-4055-bab8-3f1d2e5ac520', 'name': 'Default', 'description': 'The default project that was automatically created by Tableau.'}",{},"{'id': 'c02fb59d-885b-4055-bab8-3f1d2e5ac520', 'type': 'Project'}",ed7971fd-722a-407a-bb0e-9163bc7cbcbc,Dashboard,RecruitmentDashboard/sheets/Dashboard,2024-05-22T17:13:25Z,2024-05-22T17:13:25Z,dashboard,0,Dashboard,0,Recruitment Dashboard,2634ad0c-d76e-4827-8a71-c57c7bc2fd33,Default
99,99,"{'fullName': 'Tableau Admin User', 'id': '53c4a816-3b2a-4f89-982b-62e9ba12abae', 'lastLogin': '2024-06-09T16:31:11Z', 'name': 'TableauAdmin', 'siteRole': 'ServerAdministrator'}","{'id': 'c02fb59d-885b-4055-bab8-3f1d2e5ac520', 'name': 'Default', 'description': 'The default project that was automatically created by Tableau.'}",{},"{'id': 'c02fb59d-885b-4055-bab8-3f1d2e5ac520', 'type': 'Project'}",88aa4c67-c227-4225-bab3-ced5965353fe,Dashboard 2,RecruitmentDashboard/sheets/Dashboard2,2024-05-22T17:13:25Z,2024-05-22T17:13:25Z,dashboard,0,Dashboard2,0,Recruitment Dashboard,2634ad0c-d76e-4827-8a71-c57c7bc2fd33,Default
100,100,"{'fullName': 'Tableau Admin User', 'id': '53c4a816-3b2a-4f89-982b-62e9ba12abae', 'lastLogin': '2024-06-09T16:31:11Z', 'name': 'TableauAdmin', 'siteRole': 'ServerAdministrator'}","{'id': 'c02fb59d-885b-4055-bab8-3f1d2e5ac520', 'name': 'Default', 'description': 'The default project that was automatically created by Tableau.'}",{},"{'id': 'c02fb59d-885b-4055-bab8-3f1d2e5ac520', 'type': 'Project'}",53e89c19-bf66-4930-8d5e-59374fa78091,Department wise Positions,RecruitmentDashboard/sheets/DepartmentwisePositions,2024-05-22T17:13:25Z,2024-05-22T17:13:25Z,view,0,DepartmentwisePositions,1,Recruitment Dashboard,2634ad0c-d76e-4827-8a71-c57c7bc2fd33,Default
101,101,"{'fullName': 'Tableau Admin User', 'id': '53c4a816-3b2a-4f89-982b-62e9ba12abae', 'lastLogin': '2024-06-09T16:31:11Z', 'name': 'TableauAdmin', 'siteRole': 'ServerAdministrator'}","{'id': 'c02fb59d-885b-4055-bab8-3f1d2e5ac520', 'name': 'Default', 'description': 'The default project that was automatically created by Tableau.'}",{},"{'id': 'c02fb59d-885b-4055-bab8-3f1d2e5ac520', 'type': 'Project'}",48f8247b-33f3-496d-a5df-eb854efaf42f,Department wise Positions - Legends,RecruitmentDashboard/sheets/DepartmentwisePositions-Legends,2024-05-22T17:13:25Z,2024-05-22T17:13:25Z,view,0,DepartmentwisePositions-Legends,0,Recruitment Dashboard,2634ad0c-d76e-4827-8a71-c57c7bc2fd33,Default
102,102,"{'fullName': 'Tableau Admin User', 'id': '53c4a816-3b2a-4f89-982b-62e9ba12abae', 'lastLogin': '2024-06-09T16:31:11Z', 'name': 'TableauAdmin', 'siteRole': 'ServerAdministrator'}","{'id': 'c02fb59d-885b-4055-bab8-3f1d2e5ac520', 'name': 'Default', 'description': 'The default project that was automatically created by Tableau.'}",{},"{'id': 'c02fb59d-885b-4055-bab8-3f1d2e5ac520', 'type': 'Project'}",8e74905f-c234-4b8b-b0a8-2586b252df14,Job Posting Trend - Open,RecruitmentDashboard/sheets/JobPostingTrend-Open,2024-05-22T17:13:25Z,2024-05-22T17:13:25Z,view,0,JobPostingTrend-Open,0,Recruitment Dashboard,2634ad0c-d76e-4827-8a71-c57c7bc2fd33,Default
103,103,"{'fullName': 'Tableau Admin User', 'id': '53c4a816-3b2a-4f89-982b-62e9ba12abae', 'lastLogin': '2024-06-09T16:31:11Z', 'name': 'TableauAdmin', 'siteRole': 'ServerAdministrator'}","{'id': 'c02fb59d-885b-4055-bab8-3f1d2e5ac520', 'name': 'Default', 'description': 'The default project that was automatically created by Tableau.'}",{},"{'id': 'c02fb59d-885b-4055-bab8-3f1d2e5ac520', 'type': 'Project'}",4e7b1c3b-76d9-4d25-8fc5-c9633f8e6693,Job Posting Trend - Filled,RecruitmentDashboard/sheets/JobPostingTrend-Filled,2024-05-22T17:13:25Z,2024-05-22T17:13:25Z,view,0,JobPostingTrend-Filled,0,Recruitment Dashboard,2634ad0c-d76e-4827-8a71-c57c7bc2fd33,Default
104,104,"{'fullName': 'Tableau Admin User', 'id': '53c4a816-3b2a-4f89-982b-62e9ba12abae', 'lastLogin': '2024-06-09T16:31:11Z', 'name': 'TableauAdmin', 'siteRole': 'ServerAdministrator'}","{'id': 'c02fb59d-885b-4055-bab8-3f1d2e5ac520', 'name': 'Default', 'description': 'The default project that was automatically created by Tableau.'}",{},"{'id': 'c02fb59d-885b-4055-bab8-3f1d2e5ac520', 'type': 'Project'}",1fa3aab8-4b91-484a-b3e0-9cc526ada4c8,Application Received Source,RecruitmentDashboard/sheets/ApplicationReceivedSource,2024-05-22T17:13:25Z,2024-05-22T17:13:25Z,view,0,ApplicationReceivedSource,0,Recruitment Dashboard,2634ad0c-d76e-4827-8a71-c57c7bc2fd33,Default
105,105,"{'fullName': 'Tableau Admin User', 'id': '53c4a816-3b2a-4f89-982b-62e9ba12abae', 'lastLogin': '2024-06-09T16:31:11Z', 'name': 'TableauAdmin', 'siteRole': 'ServerAdministrator'}","{'id': 'c02fb59d-885b-4055-bab8-3f1d2e5ac520', 'name': 'Default', 'description': 'The default project that was automatically created by Tableau.'}",{},"{'id': 'c02fb59d-885b-4055-bab8-3f1d2e5ac520', 'type': 'Project'}",f7a5da66-3f9d-4341-b718-9457e3418517,Recruiting Funnel 3 (3),RecruitmentDashboard/sheets/RecruitingFunnel33,2024-05-22T17:13:25Z,2024-05-22T17:13:25Z,view,0,RecruitingFunnel33,0,Recruitment Dashboard,2634ad0c-d76e-4827-8a71-c57c7bc2fd33,Default
106,106,"{'fullName': 'Tableau Admin User', 'id': '53c4a816-3b2a-4f89-982b-62e9ba12abae', 'lastLogin': '2024-06-09T16:31:11Z', 'name': 'TableauAdmin', 'siteRole': 'ServerAdministrator'}","{'id': 'c02fb59d-885b-4055-bab8-3f1d2e5ac520', 'name': 'Default', 'description': 'The default project that was automatically created by Tableau.'}",{},"{'id': 'c02fb59d-885b-4055-bab8-3f1d2e5ac520', 'type': 'Project'}",8cb234c9-7e6f-4f94-8edf-1a98225f63a6,Reqs vs  Applicants,RecruitmentDashboard/sheets/ReqsvsApplicants,2024-05-22T17:13:25Z,2024-05-22T17:13:25Z,view,0,ReqsvsApplicants,0,Recruitment Dashboard,2634ad0c-d76e-4827-8a71-c57c7bc2fd33,Default
107,107,"{'fullName': 'Tableau Admin User', 'id': '53c4a816-3b2a-4f89-982b-62e9ba12abae', 'lastLogin': '2024-06-09T16:31:11Z', 'name': 'TableauAdmin', 'siteRole': 'ServerAdministrator'}","{'id': 'c02fb59d-885b-4055-bab8-3f1d2e5ac520', 'name': 'Default', 'description': 'The default project that was automatically created by Tableau.'}",{},"{'id': 'c02fb59d-885b-4055-bab8-3f1d2e5ac520', 'type': 'Project'}",0cfb0aa7-4a9f-4097-ac1f-a391885cc9b3,Total Reqs,RecruitmentDashboard/sheets/TotalReqs,2024-05-22T17:13:25Z,2024-05-22T17:13:25Z,view,0,TotalReqs,0,Recruitment Dashboard,2634ad0c-d76e-4827-8a71-c57c7bc2fd33,Default
108,108,"{'fullName': 'Tableau Admin User', 'id': '53c4a816-3b2a-4f89-982b-62e9ba12abae', 'lastLogin': '2024-06-09T16:31:11Z', 'name': 'TableauAdmin', 'siteRole': 'ServerAdministrator'}","{'id': 'c02fb59d-885b-4055-bab8-3f1d2e5ac520', 'name': 'Default', 'description': 'The default project that was automatically created by Tableau.'}",{},"{'id': 'c02fb59d-885b-4055-bab8-3f1d2e5ac520', 'type': 'Project'}",bdeafd71-7633-4592-83bd-c28ffe95d147,Total Reqs Filled,RecruitmentDashboard/sheets/TotalReqsFilled,2024-05-22T17:13:25Z,2024-05-22T17:13:25Z,view,0,TotalReqsFilled,0,Recruitment Dashboard,2634ad0c-d76e-4827-8a71-c57c7bc2fd33,Default
109,109,"{'fullName': 'Tableau Admin User', 'id': '53c4a816-3b2a-4f89-982b-62e9ba12abae', 'lastLogin': '2024-06-09T16:31:11Z', 'name': 'TableauAdmin', 'siteRole': 'ServerAdministrator'}","{'id': 'c02fb59d-885b-4055-bab8-3f1d2e5ac520', 'name': 'Default', 'description': 'The default project that was automatically created by Tableau.'}",{},"{'id': 'c02fb59d-885b-4055-bab8-3f1d2e5ac520', 'type': 'Project'}",add04c72-5b4f-44f0-a7a1-13b1cd1c58cd,Total Reqs Open,RecruitmentDashboard/sheets/TotalReqsOpen,2024-05-22T17:13:25Z,2024-05-22T17:13:25Z,view,0,TotalReqsOpen,0,Recruitment Dashboard,2634ad0c-d76e-4827-8a71-c57c7bc2fd33,Default
110,110,"{'fullName': 'Tableau Admin User', 'id': '53c4a816-3b2a-4f89-982b-62e9ba12abae', 'lastLogin': '2024-06-09T16:31:11Z', 'name': 'TableauAdmin', 'siteRole': 'ServerAdministrator'}","{'id': 'c02fb59d-885b-4055-bab8-3f1d2e5ac520', 'name': 'Default', 'description': 'The default project that was automatically created by Tableau.'}",{},"{'id': 'c02fb59d-885b-4055-bab8-3f1d2e5ac520', 'type': 'Project'}",9bda8d86-2fae-4784-8ab6-30a1add73c64,Total Reqs Cancelled,RecruitmentDashboard/sheets/TotalReqsCancelled,2024-05-22T17:13:25Z,2024-05-22T17:13:25Z,view,0,TotalReqsCancelled,0,Recruitment Dashboard,2634ad0c-d76e-4827-8a71-c57c7bc2fd33,Default
111,111,"{'fullName': 'Tableau Admin User', 'id': '53c4a816-3b2a-4f89-982b-62e9ba12abae', 'lastLogin': '2024-06-09T16:31:11Z', 'name': 'TableauAdmin', 'siteRole': 'ServerAdministrator'}","{'id': 'c02fb59d-885b-4055-bab8-3f1d2e5ac520', 'name': 'Default', 'description': 'The default project that was automatically created by Tableau.'}",{},"{'id': 'c02fb59d-885b-4055-bab8-3f1d2e5ac520', 'type': 'Project'}",51c000df-7625-493b-96f9-0bf3e05ad9f6,Average # Applicants,RecruitmentDashboard/sheets/AverageApplicants,2024-05-22T17:13:25Z,2024-05-22T17:13:25Z,view,0,AverageApplicants,0,Recruitment Dashboard,2634ad0c-d76e-4827-8a71-c57c7bc2fd33,Default
112,112,"{'fullName': 'Tableau Admin User', 'id': '53c4a816-3b2a-4f89-982b-62e9ba12abae', 'lastLogin': '2024-06-09T16:31:11Z', 'name': 'TableauAdmin', 'siteRole': 'ServerAdministrator'}","{'id': 'c02fb59d-885b-4055-bab8-3f1d2e5ac520', 'name': 'Default', 'description': 'The default project that was automatically created by Tableau.'}",{},"{'id': 'c02fb59d-885b-4055-bab8-3f1d2e5ac520', 'type': 'Project'}",ad2fa36b-6481-4911-a2b1-72b272450ee4,Time to hire,RecruitmentDashboard/sheets/Timetohire,2024-05-22T17:13:25Z,2024-05-22T17:13:25Z,view,0,Timetohire,0,Recruitment Dashboard,2634ad0c-d76e-4827-8a71-c57c7bc2fd33,Default
113,113,"{'fullName': 'Tableau Admin User', 'id': '53c4a816-3b2a-4f89-982b-62e9ba12abae', 'lastLogin': '2024-06-09T16:31:11Z', 'name': 'TableauAdmin', 'siteRole': 'ServerAdministrator'}","{'id': 'c02fb59d-885b-4055-bab8-3f1d2e5ac520', 'name': 'Default', 'description': 'The default project that was automatically created by Tableau.'}",{},"{'id': 'c02fb59d-885b-4055-bab8-3f1d2e5ac520', 'type': 'Project'}",fbe41839-f4ec-4ec4-b23a-ea6bd505c683,Time to fill,RecruitmentDashboard/sheets/Timetofill,2024-05-22T17:13:25Z,2024-05-22T17:13:25Z,view,0,Timetofill,0,Recruitment Dashboard,2634ad0c-d76e-4827-8a71-c57c7bc2fd33,Default
114,114,"{'fullName': 'Tableau Admin User', 'id': '53c4a816-3b2a-4f89-982b-62e9ba12abae', 'lastLogin': '2024-06-09T16:31:11Z', 'name': 'TableauAdmin', 'siteRole': 'ServerAdministrator'}","{'id': 'c02fb59d-885b-4055-bab8-3f1d2e5ac520', 'name': 'Default', 'description': 'The default project that was automatically created by Tableau.'}",{},"{'id': 'c02fb59d-885b-4055-bab8-3f1d2e5ac520', 'type': 'Project'}",28cf0dc1-986d-4722-b7d6-3aab4f8fc51a,1Recruiter,RecruitmentDashboard/sheets/1Recruiter,2024-05-22T17:13:25Z,2024-05-22T17:13:25Z,view,0,1Recruiter,0,Recruitment Dashboard,2634ad0c-d76e-4827-8a71-c57c7bc2fd33,Default
115,115,"{'fullName': 'Tableau Admin User', 'id': '53c4a816-3b2a-4f89-982b-62e9ba12abae', 'lastLogin': '2024-06-09T16:31:11Z', 'name': 'TableauAdmin', 'siteRole': 'ServerAdministrator'}","{'id': 'c02fb59d-885b-4055-bab8-3f1d2e5ac520', 'name': 'Default', 'description': 'The default project that was automatically created by Tableau.'}",{},"{'id': 'c02fb59d-885b-4055-bab8-3f1d2e5ac520', 'type': 'Project'}",83c34ed5-646e-49e8-9285-2d951e1d02eb,1Sankey Chart Recruiter to Status,RecruitmentDashboard/sheets/1SankeyChartRecruitertoStatus,2024-05-22T17:13:25Z,2024-05-22T17:13:25Z,view,0,1SankeyChartRecruitertoStatus,0,Recruitment Dashboard,2634ad0c-d76e-4827-8a71-c57c7bc2fd33,Default
116,116,"{'fullName': 'Tableau Admin User', 'id': '53c4a816-3b2a-4f89-982b-62e9ba12abae', 'lastLogin': '2024-06-09T16:31:11Z', 'name': 'TableauAdmin', 'siteRole': 'ServerAdministrator'}","{'id': 'c02fb59d-885b-4055-bab8-3f1d2e5ac520', 'name': 'Default', 'description': 'The default project that was automatically created by Tableau.'}",{},"{'id': 'c02fb59d-885b-4055-bab8-3f1d2e5ac520', 'type': 'Project'}",2f4391d8-03bd-4170-9958-2f111bd2b3d2,1Status,RecruitmentDashboard/sheets/1Status,2024-05-22T17:13:25Z,2024-05-22T17:13:25Z,view,0,1Status,0,Recruitment Dashboard,2634ad0c-d76e-4827-8a71-c57c7bc2fd33,Default
117,117,"{'fullName': 'Tableau Admin User', 'id': '53c4a816-3b2a-4f89-982b-62e9ba12abae', 'lastLogin': '2024-06-09T16:31:11Z', 'name': 'TableauAdmin', 'siteRole': 'ServerAdministrator'}","{'id': 'c02fb59d-885b-4055-bab8-3f1d2e5ac520', 'name': 'Default', 'description': 'The default project that was automatically created by Tableau.'}",{},"{'id': 'c02fb59d-885b-4055-bab8-3f1d2e5ac520', 'type': 'Project'}",8dadddc9-ebff-4ea7-b6d7-26df5bccca4d,Experience wise Positions,RecruitmentDashboard/sheets/ExperiencewisePositions,2024-05-22T17:13:25Z,2024-05-22T17:13:25Z,view,0,ExperiencewisePositions,0,Recruitment Dashboard,2634ad0c-d76e-4827-8a71-c57c7bc2fd33,Default
118,118,"{'fullName': 'Tableau Admin User', 'id': '53c4a816-3b2a-4f89-982b-62e9ba12abae', 'lastLogin': '2024-06-09T16:31:11Z', 'name': 'TableauAdmin', 'siteRole': 'ServerAdministrator'}","{'id': 'c02fb59d-885b-4055-bab8-3f1d2e5ac520', 'name': 'Default', 'description': 'The default project that was automatically created by Tableau.'}",{},"{'id': 'c02fb59d-885b-4055-bab8-3f1d2e5ac520', 'type': 'Project'}",4c0247fa-4347-4b30-bb5c-4cb6e034aa24,Gender icon,RecruitmentDashboard/sheets/Gendericon,2024-05-22T17:13:25Z,2024-05-22T17:13:25Z,view,0,Gendericon,0,Recruitment Dashboard,2634ad0c-d76e-4827-8a71-c57c7bc2fd33,Default
119,119,"{'fullName': 'Tableau Admin User', 'id': '53c4a816-3b2a-4f89-982b-62e9ba12abae', 'lastLogin': '2024-06-09T16:31:11Z', 'name': 'TableauAdmin', 'siteRole': 'ServerAdministrator'}","{'id': 'c02fb59d-885b-4055-bab8-3f1d2e5ac520', 'name': 'Default', 'description': 'The default project that was automatically created by Tableau.'}",{},"{'id': 'c02fb59d-885b-4055-bab8-3f1d2e5ac520', 'type': 'Project'}",2bd6b73e-75e4-4432-b6e1-623646d680a5,Recruitment Type,RecruitmentDashboard/sheets/RecruitmentType,2024-05-22T17:13:25Z,2024-05-22T17:13:25Z,view,0,RecruitmentType,1,Recruitment Dashboard,2634ad0c-d76e-4827-8a71-c57c7bc2fd33,Default
